[{"model": "auth.permission", "pk": 1, "fields": {"name": "Can add log entry", "content_type": 1, "codename": "add_logentry"}}, {"model": "auth.permission", "pk": 2, "fields": {"name": "Can change log entry", "content_type": 1, "codename": "change_logentry"}}, {"model": "auth.permission", "pk": 3, "fields": {"name": "Can delete log entry", "content_type": 1, "codename": "delete_logentry"}}, {"model": "auth.permission", "pk": 4, "fields": {"name": "Can view log entry", "content_type": 1, "codename": "view_logentry"}}, {"model": "auth.permission", "pk": 5, "fields": {"name": "Can add permission", "content_type": 3, "codename": "add_permission"}}, {"model": "auth.permission", "pk": 6, "fields": {"name": "Can change permission", "content_type": 3, "codename": "change_permission"}}, {"model": "auth.permission", "pk": 7, "fields": {"name": "Can delete permission", "content_type": 3, "codename": "delete_permission"}}, {"model": "auth.permission", "pk": 8, "fields": {"name": "Can view permission", "content_type": 3, "codename": "view_permission"}}, {"model": "auth.permission", "pk": 9, "fields": {"name": "Can add group", "content_type": 2, "codename": "add_group"}}, {"model": "auth.permission", "pk": 10, "fields": {"name": "Can change group", "content_type": 2, "codename": "change_group"}}, {"model": "auth.permission", "pk": 11, "fields": {"name": "Can delete group", "content_type": 2, "codename": "delete_group"}}, {"model": "auth.permission", "pk": 12, "fields": {"name": "Can view group", "content_type": 2, "codename": "view_group"}}, {"model": "auth.permission", "pk": 13, "fields": {"name": "Can add content type", "content_type": 4, "codename": "add_contenttype"}}, {"model": "auth.permission", "pk": 14, "fields": {"name": "Can change content type", "content_type": 4, "codename": "change_contenttype"}}, {"model": "auth.permission", "pk": 15, "fields": {"name": "Can delete content type", "content_type": 4, "codename": "delete_contenttype"}}, {"model": "auth.permission", "pk": 16, "fields": {"name": "Can view content type", "content_type": 4, "codename": "view_contenttype"}}, {"model": "auth.permission", "pk": 17, "fields": {"name": "Can add session", "content_type": 5, "codename": "add_session"}}, {"model": "auth.permission", "pk": 18, "fields": {"name": "Can change session", "content_type": 5, "codename": "change_session"}}, {"model": "auth.permission", "pk": 19, "fields": {"name": "Can delete session", "content_type": 5, "codename": "delete_session"}}, {"model": "auth.permission", "pk": 20, "fields": {"name": "Can view session", "content_type": 5, "codename": "view_session"}}, {"model": "auth.permission", "pk": 21, "fields": {"name": "Can add caption", "content_type": 8, "codename": "add_caption"}}, {"model": "auth.permission", "pk": 22, "fields": {"name": "Can change caption", "content_type": 8, "codename": "change_caption"}}, {"model": "auth.permission", "pk": 23, "fields": {"name": "Can delete caption", "content_type": 8, "codename": "delete_caption"}}, {"model": "auth.permission", "pk": 24, "fields": {"name": "Can view caption", "content_type": 8, "codename": "view_caption"}}, {"model": "auth.permission", "pk": 25, "fields": {"name": "Can add vlog", "content_type": 25, "codename": "add_vlog"}}, {"model": "auth.permission", "pk": 26, "fields": {"name": "Can change vlog", "content_type": 25, "codename": "change_vlog"}}, {"model": "auth.permission", "pk": 27, "fields": {"name": "Can delete vlog", "content_type": 25, "codename": "delete_vlog"}}, {"model": "auth.permission", "pk": 28, "fields": {"name": "Can view vlog", "content_type": 25, "codename": "view_vlog"}}, {"model": "auth.permission", "pk": 29, "fields": {"name": "Can add user", "content_type": 24, "codename": "add_user"}}, {"model": "auth.permission", "pk": 30, "fields": {"name": "Can change user", "content_type": 24, "codename": "change_user"}}, {"model": "auth.permission", "pk": 31, "fields": {"name": "Can delete user", "content_type": 24, "codename": "delete_user"}}, {"model": "auth.permission", "pk": 32, "fields": {"name": "Can view user", "content_type": 24, "codename": "view_user"}}, {"model": "auth.permission", "pk": 33, "fields": {"name": "Can add bookmark", "content_type": 7, "codename": "add_bookmark"}}, {"model": "auth.permission", "pk": 34, "fields": {"name": "Can change bookmark", "content_type": 7, "codename": "change_bookmark"}}, {"model": "auth.permission", "pk": 35, "fields": {"name": "Can delete bookmark", "content_type": 7, "codename": "delete_bookmark"}}, {"model": "auth.permission", "pk": 36, "fields": {"name": "Can view bookmark", "content_type": 7, "codename": "view_bookmark"}}, {"model": "auth.permission", "pk": 37, "fields": {"name": "Can add blog post", "content_type": 6, "codename": "add_blogpost"}}, {"model": "auth.permission", "pk": 38, "fields": {"name": "Can change blog post", "content_type": 6, "codename": "change_blogpost"}}, {"model": "auth.permission", "pk": 39, "fields": {"name": "Can delete blog post", "content_type": 6, "codename": "delete_blogpost"}}, {"model": "auth.permission", "pk": 40, "fields": {"name": "Can view blog post", "content_type": 6, "codename": "view_blogpost"}}, {"model": "auth.permission", "pk": 41, "fields": {"name": "Can add media gallery entry", "content_type": 18, "codename": "add_mediagalleryentry"}}, {"model": "auth.permission", "pk": 42, "fields": {"name": "Can change media gallery entry", "content_type": 18, "codename": "change_mediagalleryentry"}}, {"model": "auth.permission", "pk": 43, "fields": {"name": "Can delete media gallery entry", "content_type": 18, "codename": "delete_mediagalleryentry"}}, {"model": "auth.permission", "pk": 44, "fields": {"name": "Can view media gallery entry", "content_type": 18, "codename": "view_mediagalleryentry"}}, {"model": "auth.permission", "pk": 45, "fields": {"name": "Can add journal entry", "content_type": 17, "codename": "add_journalentry"}}, {"model": "auth.permission", "pk": 46, "fields": {"name": "Can change journal entry", "content_type": 17, "codename": "change_journalentry"}}, {"model": "auth.permission", "pk": 47, "fields": {"name": "Can delete journal entry", "content_type": 17, "codename": "delete_journalentry"}}, {"model": "auth.permission", "pk": 48, "fields": {"name": "Can view journal entry", "content_type": 17, "codename": "view_journalentry"}}, {"model": "auth.permission", "pk": 49, "fields": {"name": "Can add topic", "content_type": 22, "codename": "add_topic"}}, {"model": "auth.permission", "pk": 50, "fields": {"name": "Can change topic", "content_type": 22, "codename": "change_topic"}}, {"model": "auth.permission", "pk": 51, "fields": {"name": "Can delete topic", "content_type": 22, "codename": "delete_topic"}}, {"model": "auth.permission", "pk": 52, "fields": {"name": "Can view topic", "content_type": 22, "codename": "view_topic"}}, {"model": "auth.permission", "pk": 53, "fields": {"name": "Can add quiz attempt", "content_type": 19, "codename": "add_quizattempt"}}, {"model": "auth.permission", "pk": 54, "fields": {"name": "Can change quiz attempt", "content_type": 19, "codename": "change_quizattempt"}}, {"model": "auth.permission", "pk": 55, "fields": {"name": "Can delete quiz attempt", "content_type": 19, "codename": "delete_quizattempt"}}, {"model": "auth.permission", "pk": 56, "fields": {"name": "Can view quiz attempt", "content_type": 19, "codename": "view_quizattempt"}}, {"model": "auth.permission", "pk": 57, "fields": {"name": "Can add quiz question", "content_type": 20, "codename": "add_quizquestion"}}, {"model": "auth.permission", "pk": 58, "fields": {"name": "Can change quiz question", "content_type": 20, "codename": "change_quizquestion"}}, {"model": "auth.permission", "pk": 59, "fields": {"name": "Can delete quiz question", "content_type": 20, "codename": "delete_quizquestion"}}, {"model": "auth.permission", "pk": 60, "fields": {"name": "Can view quiz question", "content_type": 20, "codename": "view_quizquestion"}}, {"model": "auth.permission", "pk": 61, "fields": {"name": "Can add study item progress", "content_type": 21, "codename": "add_studyitemprogress"}}, {"model": "auth.permission", "pk": 62, "fields": {"name": "Can change study item progress", "content_type": 21, "codename": "change_studyitemprogress"}}, {"model": "auth.permission", "pk": 63, "fields": {"name": "Can delete study item progress", "content_type": 21, "codename": "delete_studyitemprogress"}}, {"model": "auth.permission", "pk": 64, "fields": {"name": "Can view study item progress", "content_type": 21, "codename": "view_studyitemprogress"}}, {"model": "auth.permission", "pk": 65, "fields": {"name": "Can add topic note", "content_type": 23, "codename": "add_topicnote"}}, {"model": "auth.permission", "pk": 66, "fields": {"name": "Can change topic note", "content_type": 23, "codename": "change_topicnote"}}, {"model": "auth.permission", "pk": 67, "fields": {"name": "Can delete topic note", "content_type": 23, "codename": "delete_topicnote"}}, {"model": "auth.permission", "pk": 68, "fields": {"name": "Can view topic note", "content_type": 23, "codename": "view_topicnote"}}, {"model": "auth.permission", "pk": 69, "fields": {"name": "Can add item quiz question", "content_type": 16, "codename": "add_itemquizquestion"}}, {"model": "auth.permission", "pk": 70, "fields": {"name": "Can change item quiz question", "content_type": 16, "codename": "change_itemquizquestion"}}, {"model": "auth.permission", "pk": 71, "fields": {"name": "Can delete item quiz question", "content_type": 16, "codename": "delete_itemquizquestion"}}, {"model": "auth.permission", "pk": 72, "fields": {"name": "Can view item quiz question", "content_type": 16, "codename": "view_itemquizquestion"}}, {"model": "auth.permission", "pk": 73, "fields": {"name": "Can add item quiz attempt", "content_type": 14, "codename": "add_itemquizattempt"}}, {"model": "auth.permission", "pk": 74, "fields": {"name": "Can change item quiz attempt", "content_type": 14, "codename": "change_itemquizattempt"}}, {"model": "auth.permission", "pk": 75, "fields": {"name": "Can delete item quiz attempt", "content_type": 14, "codename": "delete_itemquizattempt"}}, {"model": "auth.permission", "pk": 76, "fields": {"name": "Can view item quiz attempt", "content_type": 14, "codename": "view_itemquizattempt"}}, {"model": "auth.permission", "pk": 77, "fields": {"name": "Can add item note", "content_type": 13, "codename": "add_itemnote"}}, {"model": "auth.permission", "pk": 78, "fields": {"name": "Can change item note", "content_type": 13, "codename": "change_itemnote"}}, {"model": "auth.permission", "pk": 79, "fields": {"name": "Can delete item note", "content_type": 13, "codename": "delete_itemnote"}}, {"model": "auth.permission", "pk": 80, "fields": {"name": "Can view item note", "content_type": 13, "codename": "view_itemnote"}}, {"model": "auth.permission", "pk": 81, "fields": {"name": "Can add item quiz progress", "content_type": 15, "codename": "add_itemquizprogress"}}, {"model": "auth.permission", "pk": 82, "fields": {"name": "Can change item quiz progress", "content_type": 15, "codename": "change_itemquizprogress"}}, {"model": "auth.permission", "pk": 83, "fields": {"name": "Can delete item quiz progress", "content_type": 15, "codename": "delete_itemquizprogress"}}, {"model": "auth.permission", "pk": 84, "fields": {"name": "Can view item quiz progress", "content_type": 15, "codename": "view_itemquizprogress"}}, {"model": "auth.permission", "pk": 85, "fields": {"name": "Can add forum thread", "content_type": 11, "codename": "add_forumthread"}}, {"model": "auth.permission", "pk": 86, "fields": {"name": "Can change forum thread", "content_type": 11, "codename": "change_forumthread"}}, {"model": "auth.permission", "pk": 87, "fields": {"name": "Can delete forum thread", "content_type": 11, "codename": "delete_forumthread"}}, {"model": "auth.permission", "pk": 88, "fields": {"name": "Can view forum thread", "content_type": 11, "codename": "view_forumthread"}}, {"model": "auth.permission", "pk": 89, "fields": {"name": "Can add forum reply", "content_type": 9, "codename": "add_forumreply"}}, {"model": "auth.permission", "pk": 90, "fields": {"name": "Can change forum reply", "content_type": 9, "codename": "change_forumreply"}}, {"model": "auth.permission", "pk": 91, "fields": {"name": "Can delete forum reply", "content_type": 9, "codename": "delete_forumreply"}}, {"model": "auth.permission", "pk": 92, "fields": {"name": "Can view forum reply", "content_type": 9, "codename": "view_forumreply"}}, {"model": "auth.permission", "pk": 93, "fields": {"name": "Can add forum thread image", "content_type": 12, "codename": "add_forumthreadimage"}}, {"model": "auth.permission", "pk": 94, "fields": {"name": "Can change forum thread image", "content_type": 12, "codename": "change_forumthreadimage"}}, {"model": "auth.permission", "pk": 95, "fields": {"name": "Can delete forum thread image", "content_type": 12, "codename": "delete_forumthreadimage"}}, {"model": "auth.permission", "pk": 96, "fields": {"name": "Can view forum thread image", "content_type": 12, "codename": "view_forumthreadimage"}}, {"model": "auth.permission", "pk": 97, "fields": {"name": "Can add forum reply image", "content_type": 10, "codename": "add_forumreplyimage"}}, {"model": "auth.permission", "pk": 98, "fields": {"name": "Can change forum reply image", "content_type": 10, "codename": "change_forumreplyimage"}}, {"model": "auth.permission", "pk": 99, "fields": {"name": "Can delete forum reply image", "content_type": 10, "codename": "delete_forumreplyimage"}}, {"model": "auth.permission", "pk": 100, "fields": {"name": "Can view forum reply image", "content_type": 10, "codename": "view_forumreplyimage"}}, {"model": "contenttypes.contenttype", "pk": 1, "fields": {"app_label": "admin", "model": "logentry"}}, {"model": "contenttypes.contenttype", "pk": 2, "fields": {"app_label": "auth", "model": "group"}}, {"model": "contenttypes.contenttype", "pk": 3, "fields": {"app_label": "auth", "model": "permission"}}, {"model": "contenttypes.contenttype", "pk": 4, "fields": {"app_label": "contenttypes", "model": "contenttype"}}, {"model": "contenttypes.contenttype", "pk": 5, "fields": {"app_label": "sessions", "model": "session"}}, {"model": "contenttypes.contenttype", "pk": 6, "fields": {"app_label": "econ", "model": "blogpost"}}, {"model": "contenttypes.contenttype", "pk": 7, "fields": {"app_label": "econ", "model": "bookmark"}}, {"model": "contenttypes.contenttype", "pk": 8, "fields": {"app_label": "econ", "model": "caption"}}, {"model": "contenttypes.contenttype", "pk": 9, "fields": {"app_label": "econ", "model": "forumreply"}}, {"model": "contenttypes.contenttype", "pk": 10, "fields": {"app_label": "econ", "model": "forumreplyimage"}}, {"model": "contenttypes.contenttype", "pk": 11, "fields": {"app_label": "econ", "model": "forumthread"}}, {"model": "contenttypes.contenttype", "pk": 12, "fields": {"app_label": "econ", "model": "forumthreadimage"}}, {"model": "contenttypes.contenttype", "pk": 13, "fields": {"app_label": "econ", "model": "itemnote"}}, {"model": "contenttypes.contenttype", "pk": 14, "fields": {"app_label": "econ", "model": "itemquizattempt"}}, {"model": "contenttypes.contenttype", "pk": 15, "fields": {"app_label": "econ", "model": "itemquizprogress"}}, {"model": "contenttypes.contenttype", "pk": 16, "fields": {"app_label": "econ", "model": "itemquizquestion"}}, {"model": "contenttypes.contenttype", "pk": 17, "fields": {"app_label": "econ", "model": "journalentry"}}, {"model": "contenttypes.contenttype", "pk": 18, "fields": {"app_label": "econ", "model": "mediagalleryentry"}}, {"model": "contenttypes.contenttype", "pk": 19, "fields": {"app_label": "econ", "model": "quizattempt"}}, {"model": "contenttypes.contenttype", "pk": 20, "fields": {"app_label": "econ", "model": "quizquestion"}}, {"model": "contenttypes.contenttype", "pk": 21, "fields": {"app_label": "econ", "model": "studyitemprogress"}}, {"model": "contenttypes.contenttype", "pk": 22, "fields": {"app_label": "econ", "model": "topic"}}, {"model": "contenttypes.contenttype", "pk": 23, "fields": {"app_label": "econ", "model": "topicnote"}}, {"model": "contenttypes.contenttype", "pk": 24, "fields": {"app_label": "econ", "model": "user"}}, {"model": "contenttypes.contenttype", "pk": 25, "fields": {"app_label": "econ", "model": "vlog"}}, {"model": "econ.vlog", "pk": 1, "fields": {"title": "Railways Reimagined: Reliability, Automation, and Equitable Connectivity", "filename": "https://img.youtube.com/vi/1idZRXTlo48/hqdefault.jpg", "channel_name": "EIT Urban Mobility", "description": "Rail systems can improve urban-suburban connectivity by making transport more frequent, reliable, and efficient. Highlighting the role of rail in reducing congestion, pollution, and pressure on crowded city centers, while also supporting easier movement for people and goods. It also emphasizes the importance of technology, strong governance, and sustainable funding, while ensuring that public transport remains accessible and equitable.", "video_url": "https://www.youtube.com/watch?v=1idZRXTlo48", "thumbnail_url": "https://img.youtube.com/vi/1idZRXTlo48/hqdefault.jpg", "date": "2026-01-06", "order": 1, "created_at": "2026-05-20T07:31:09.398Z", "topics": [1, 3]}}, {"model": "econ.vlog", "pk": 2, "fields": {"title": "Driving Inclusivity and Accessibility in Rail Transportation", "filename": "https://img.youtube.com/vi/NF6xMiH_Lt4/hqdefault.jpg", "channel_name": "Atkins", "description": "Nancy Chan's work as a project manager specializing in agile delivery for transportation and digital twin projects, particularly her efforts to improve rail accessibility. It addresses a major issue in the rail industry: the lack of consistent data on how well stations serve passengers with disabilities. To help solve this, the project involves auditing 2,572 stations and collecting reliable information across all public areas. This data helps decision-makers identify where investments and improvements are most needed. The discussion also highlights the importance of making rail networks more accessible, as it allows people to feel more connected to society, family, and work opportunities. Chan also emphasizes the value of diversity and inclusivity in engineering, noting that greater representation can inspire a more positive future for the next generation.", "video_url": "https://www.youtube.com/watch?v=NF6xMiH_Lt4", "thumbnail_url": "https://img.youtube.com/vi/NF6xMiH_Lt4/hqdefault.jpg", "date": "2023-07-12", "order": 2, "created_at": "2026-05-20T07:31:09.401Z", "topics": [3, 6]}}, {"model": "econ.vlog", "pk": 3, "fields": {"title": "Philippine's Transportation Projects", "filename": "https://img.youtube.com/vi/yGTiJ8gXc60/hqdefault.jpg", "channel_name": "EconomyTalk", "description": "The Philippines' ongoing transportation transformation, which aims to address long-standing issues such as poor infrastructure, heavy traffic congestion, and weak connectivity. Major investments are being made in railways, road networks, and sustainable technologies to improve mobility, support economic growth, and enhance the quality of life for citizens. Key projects include the North-South Commuter Railway, which will connect Manila to nearby provinces and major hubs, along with other railway expansions such as the Mindanao Railway, PNR Bicol South Line, and MRT-4. Road projects like the Luzon Spine Expressway Network and the Pan-Philippine Highway are also being developed to reduce travel time, improve logistics, and strengthen connections across the country. The summary also highlights the use of intelligent transportation systems, electric vehicles, and smart city developments like New Clark City as part of the country's shift toward a more modern, efficient, and sustainable transportation system.", "video_url": "https://www.youtube.com/watch?v=yGTiJ8gXc60", "thumbnail_url": "https://img.youtube.com/vi/yGTiJ8gXc60/hqdefault.jpg", "date": "2024-01-23", "order": 3, "created_at": "2026-05-20T07:31:09.403Z", "topics": [2, 3]}}, {"model": "econ.vlog", "pk": 4, "fields": {"title": "Railway Bridges over Philippines", "filename": "https://img.youtube.com/vi/U3x86Hcr1R8/hqdefault.jpg", "channel_name": "EconomyTalk", "description": "The Philippines' major railway development efforts aimed at reducing severe traffic congestion and supporting national economic growth. It highlights how Metro Manila's traffic causes billions of pesos in daily losses, pushing the government to invest heavily in rail infrastructure through programs such as Build, Build, Build. Major projects include MRT-7, the North-South Commuter Railway, the Subic-Clark Railway, the Metro Manila Subway, and the South Long Haul Project, all designed to improve passenger mobility, freight movement, and regional connectivity. These railway projects are seen as important because trains offer faster, more reliable, higher-capacity, and more environmentally sustainable transport compared to road-based systems. Despite delays caused by the COVID-19 pandemic, these projects are expected to significantly improve transportation, strengthen economic activity, and help reduce poverty in the coming years.", "video_url": "https://www.youtube.com/watch?v=U3x86Hcr1R8", "thumbnail_url": "https://img.youtube.com/vi/U3x86Hcr1R8/hqdefault.jpg", "date": "2024-04-21", "order": 4, "created_at": "2026-05-20T07:31:09.405Z", "topics": [2, 3]}}, {"model": "econ.vlog", "pk": 5, "fields": {"title": "Social Innovation in Transport and Mobility", "filename": "https://img.youtube.com/vi/S0bAAqitw8A/hqdefault.jpg", "channel_name": "Hitachi", "description": "Hitachi's vision for social innovation in transport through integrated door-to-door mobility, where different transport modes are connected into one seamless system using tools such as smartphone ticketing, data-sharing, and smart control systems. It highlights Hitachi's high-speed rail link from Kent to London, which reduced travel time and improved commuters' daily lives. This approach can also be applied to Philippine railways by using modern rail technology, integrated ticketing, and real-time transport data to make travel faster, more reliable, and more convenient. Similar improvements could help reduce traffic congestion, support economic growth, and improve the quality of life for Filipino commuters.", "video_url": "https://www.youtube.com/watch?v=S0bAAqitw8A", "thumbnail_url": "https://img.youtube.com/vi/S0bAAqitw8A/hqdefault.jpg", "date": "2015-07-03", "order": 5, "created_at": "2026-05-20T07:31:09.406Z", "topics": [3, 6]}}, {"model": "econ.topic", "pk": 1, "fields": {"key": "rail-transport-basics", "title": "Rail Transport Basics", "summary": "Core ideas about trains, tracks, passenger movement, freight, and why rail is efficient for dense cities.", "icon": "fa-train", "source_url": "", "order": 1, "created_at": "2026-05-20T07:31:09.259Z"}}, {"model": "econ.topic", "pk": 2, "fields": {"key": "philippine-rail-systems", "title": "Philippine Rail Systems", "summary": "MRT, LRT, PNR, subway, commuter rail, and regional railway projects that shape Philippine mobility.", "icon": "fa-map-location-dot", "source_url": "", "order": 2, "created_at": "2026-05-20T07:31:09.260Z"}}, {"model": "econ.topic", "pk": 3, "fields": {"key": "mobility-economy", "title": "Accessibility, Mobility & The Economy", "summary": "How rail systems reduce congestion, connect people to opportunity, and support productivity, equity, and urban growth.", "icon": "fa-chart-line", "source_url": "", "order": 3, "created_at": "2026-05-20T07:31:09.260Z"}}, {"model": "econ.topic", "pk": 4, "fields": {"key": "rail-gallery", "title": "Gallery Snapshot", "summary": "Images and videos of Philippine rail systems, station maps, commuters, construction, and global rail references.", "icon": "fa-images", "source_url": "", "order": 4, "created_at": "2026-05-20T07:31:09.323Z"}}, {"model": "econ.topic", "pk": 5, "fields": {"key": "rail-history-resource", "title": "Rail Transport History", "summary": "External reading on how rail transport developed and why it became central to urban and regional mobility.", "icon": "fa-book-open", "source_url": "https://www.ebsco.com/research-starters/history/rail-transport", "order": 5, "created_at": "2026-05-20T07:31:09.324Z"}}, {"model": "econ.topic", "pk": 6, "fields": {"key": "world-bank-mobility-resource", "title": "World Bank: Livable Cities", "summary": "A source connecting urban mobility investment with more livable, accessible, and sustainable cities.", "icon": "fa-city", "source_url": "https://www.worldbank.org/en/results/2024/03/13/promoting-livable-cities-by-investing-in-urban-mobility", "order": 6, "created_at": "2026-05-20T07:31:09.324Z"}}, {"model": "econ.blogpost", "pk": 1, "fields": {"title": "Rail Transport Supports Economic Development", "slug": "rail-transport-supports-economic-development", "excerpt": "Railways drive economic growth, improve property values, and support sustainable urban development in the Philippines.", "featured_image_filename": "Railway-Mania-1024x585.jpg", "featured_image_url": "https://www.armballast.com/wp-content/uploads/2024/08/Railway-Mania-1024x585.jpg", "raw_text": "Railway systems are simply not just transport solutions, they drive economic growth, increase property value, and encourage commercial development (Barham, 2025). Efficient transportation is a cornerstone of economic development, especially in urban areas. Among the various modes of transport, railways play a unique role in linking people, goods, and businesses, helping cities grow while supporting sustainable development (World Bank Group, 2016).\n\nThe use of rail as a means of transport is reliable, economical, and eco-friendly when moving both people and goods. Railways have an advantage over road transport since they have more capacity and produce less pollution compared to the latter (Effects of transportation on the economy, n.d.). Railways connect urban areas to industries and other neighboring countries, creating job opportunities and business ventures (World Bank Group, 2016).\n\nCountries in the world have learned that strategic rail transport is key to improving connectivity. This could include connecting rural areas to economic zones or cities, facilitating border crossing, and making inter-city connections more efficient (Barham, 2025). Railways help cities and regions become more efficient and productive. Japan has an excellent railway system in the form of its bullet train system, which makes it possible to move around the country quickly, improving commuting, economic efficiency, and tourism (Barham, 2025).\n\nThere are other benefits of rail transport in cities in terms of improving lives. Commuter trains, light rail transport, and metros all help reduce traffic congestion, make commuting faster, and increase employment opportunities (Effects of transportation on the economy, n.d.). In addition, cities with good rail systems have thriving downtowns and higher land prices. By providing reliable transport solutions, rail transport helps facilitate sustainable urban growth. Rail transport enables the development of transit-oriented cities that do not depend on cars for commuting (World Bank Group, 2016).\n\nFurthermore, railways help stimulate tourism. They make it easier for tourists to visit destinations, museums, and natural attractions. Accessible urban centers support local businesses and create employment in the service sector, thus boosting the local economy (Barham, 2025).\n\nThe Philippines, with its growing urban population and expanding economic hubs, stands to benefit from strategic rail investments. Linking Metro Manila to nearby cities, connecting ports with industrial areas, or developing regional rail corridors can reduce congestion, improve trade efficiency, and support inclusive growth (World Bank Group, 2016; Effects of transportation on the economy, n.d.). By learning from international examples while adapting solutions to local needs, rail infrastructure can become a key driver of sustainable urban and regional development (Barham, 2025).", "body_paragraphs": ["Railway systems are simply not just transport solutions, they drive economic growth, increase property value, and encourage commercial development (Barham, 2025). Efficient transportation is a cornerstone of economic development, especially in urban areas. Among the various modes of transport, railways play a unique role in linking people, goods, and businesses, helping cities grow while supporting sustainable development (World Bank Group, 2016).", "The use of rail as a means of transport is reliable, economical, and eco-friendly when moving both people and goods. Railways have an advantage over road transport since they have more capacity and produce less pollution compared to the latter (Effects of transportation on the economy, n.d.). Railways connect urban areas to industries and other neighboring countries, creating job opportunities and business ventures (World Bank Group, 2016).", "Countries in the world have learned that strategic rail transport is key to improving connectivity. This could include connecting rural areas to economic zones or cities, facilitating border crossing, and making inter-city connections more efficient (Barham, 2025). Railways help cities and regions become more efficient and productive. Japan has an excellent railway system in the form of its bullet train system, which makes it possible to move around the country quickly, improving commuting, economic efficiency, and tourism (Barham, 2025).", "There are other benefits of rail transport in cities in terms of improving lives. Commuter trains, light rail transport, and metros all help reduce traffic congestion, make commuting faster, and increase employment opportunities (Effects of transportation on the economy, n.d.). In addition, cities with good rail systems have thriving downtowns and higher land prices. By providing reliable transport solutions, rail transport helps facilitate sustainable urban growth. Rail transport enables the development of transit-oriented cities that do not depend on cars for commuting (World Bank Group, 2016).", "Furthermore, railways help stimulate tourism. They make it easier for tourists to visit destinations, museums, and natural attractions. Accessible urban centers support local businesses and create employment in the service sector, thus boosting the local economy (Barham, 2025).", "The Philippines, with its growing urban population and expanding economic hubs, stands to benefit from strategic rail investments. Linking Metro Manila to nearby cities, connecting ports with industrial areas, or developing regional rail corridors can reduce congestion, improve trade efficiency, and support inclusive growth (World Bank Group, 2016; Effects of transportation on the economy, n.d.). By learning from international examples while adapting solutions to local needs, rail infrastructure can become a key driver of sustainable urban and regional development (Barham, 2025)."], "keywords": ["Rail transport", "economic development", "property value", "commercial development", "sustainable development", "tourism"], "highlights": [], "gallery": [], "sources": [{"label": "Barham, D. (2025, September 18). How modern rail networks can boost economic growth and regional trade in Africa | mobility | Vuka group. How Modern Rail Networks Can Boost Economic Growth and Regional Trade in Africa.", "url": "https://wearevuka.com/insights/mobility/how-modern-rail-networks-can-boost-economic-growth/"}, {"label": "Effects of transportation on the economy. (n.d.).", "url": "https://education.nationalgeographic.org/resource/effects-transportation-economy/"}, {"label": "World Bank Group. (2016). Railways. In World Bank.", "url": "https://www.worldbank.org/en/topic/transport/brief/railways"}], "order": 1, "created_at": "2026-05-20T07:31:09.102Z", "topics": [1, 3, 4, 5, 6]}}, {"model": "econ.blogpost", "pk": 2, "fields": {"title": "What are the Philippine Railway System Latest Projects?", "slug": "philippine-railway-system-latest-projects", "excerpt": "The Philippines is expanding major rail projects like the Metro Manila Subway, NSCR, and Mindanao Railway to improve connectivity, reduce congestion, and support economic growth.", "featured_image_filename": "Featured-Image-Metro-Manila-Subway-Philippines.avif", "featured_image_url": "https://www.railway-technology.com/wp-content/uploads/sites/13/2019/03/Featured-Image-Metro-Manila-Subway-Philippines.jpg", "raw_text": "In recent years, the Philippines has undertaken numerous large-scale railway initiatives. The purpose of each project is to modernize movement across the country, relieve traffic congestion, and link the different areas of the Philippines. New railway projects represent a renewed commitment to high-quality mass transport infrastructure by either having construction underway, active design documentation, or government officials pushing for construction to start (De Villa, 2026).\n\nThe Metro Manila Subway will be the first rapid transit underground in the country and will run for about 33 km, ultimately reaching Ninoy Aquino International Airport from Valenzuela City. Purposefully, the metro subway project will attempt to reduce the extreme traffic problems currently experienced in the National Capital Region (NCR) (GMA Integrated News, 2026). Although there are many challenges for project construction, including acquiring land and building an underground facility, the Department of Transportation hopes to schedule demonstrational rides on the new subway system by 2028 with full operations expected by 2031-2032 depending on the funding available to clear right-of-ways for the metro subway. The subway will also connect to both LRTs and MRTs and the North-South Commuter Railway (De Villa, 2026).\n\nThe North-South Commuter Railway (NSCR) is one of the biggest projects in Southeast Asia, and aims to provide rail access across both Metro Manila and parts of Luzon (Pampanga, Laguna). It will span approximately 147 km, starting at Clark in Pampanga and running through Metro Manila to connect to Calamba in Laguna. The NSCR will be developed in multiple phases and is currently under construction; the South Commuter section of the project, which runs from Blumentritt to Calamba (approximately 54.6 km), is being developed with assistance from both the ADB and JICA (Bank, 2023). Once completed, the NSCR will reduce travel times drastically, improve access to Metro Manila's rail system, and provide daily transportation for hundreds of thousands of commuters (De Villa, 2026).\n\nWhile infrastructure improvements on Luzon are being actively developed, the Mindanao Railway Project is still in the planning and construction phase. The Mindanao Railway is intended to be a multi-phase integrated transit system that will provide greater public transportation access to residents of Mindanao and foster economic development in rural areas. Lawmakers such as Senate Minority Leader Alan Peter Cayetano have requested that the Department of Transportation pursue the development and funding of the Mindanao Railway project and have linked this request to the larger objectives of improved access and economic development in rural areas (Cayetano urges DOTr, 2025).\n\nTogether, these railway projects reflect a strategic shift toward modern, high-capacity transport infrastructure:\n\nGreater connectivity: Once operational, Philippines rail networks will link urban and regional centers more efficiently, helping commuters travel faster and with less stress (De Villa, 2026).\n\nEconomic Impact: Rail infrastructure typically supports jobs during construction and operation while attracting investments around stations and corridors (Effects of transportation on the economy, n.d.).\n\nEnvironmental Benefits: Shifting commuters from roads to rails can reduce traffic congestion and carbon emissions over the long term (Effects of transportation on the economy, n.d.).", "body_paragraphs": ["In recent years, the Philippines has undertaken numerous large-scale railway initiatives. The purpose of each project is to modernize movement across the country, relieve traffic congestion, and link the different areas of the Philippines. New railway projects represent a renewed commitment to high-quality mass transport infrastructure by either having construction underway, active design documentation, or government officials pushing for construction to start (De Villa, 2026).", "The Metro Manila Subway will be the first rapid transit underground in the country and will run for about 33 km, ultimately reaching Ninoy Aquino International Airport from Valenzuela City. Purposefully, the metro subway project will attempt to reduce the extreme traffic problems currently experienced in the National Capital Region (NCR) (GMA Integrated News, 2026). Although there are many challenges for project construction, including acquiring land and building an underground facility, the Department of Transportation hopes to schedule demonstrational rides on the new subway system by 2028 with full operations expected by 2031-2032 depending on the funding available to clear right-of-ways for the metro subway. The subway will also connect to both LRTs and MRTs and the North-South Commuter Railway (De Villa, 2026).", "The North-South Commuter Railway (NSCR) is one of the biggest projects in Southeast Asia, and aims to provide rail access across both Metro Manila and parts of Luzon (Pampanga, Laguna). It will span approximately 147 km, starting at Clark in Pampanga and running through Metro Manila to connect to Calamba in Laguna. The NSCR will be developed in multiple phases and is currently under construction; the South Commuter section of the project, which runs from Blumentritt to Calamba (approximately 54.6 km), is being developed with assistance from both the ADB and JICA (Bank, 2023). Once completed, the NSCR will reduce travel times drastically, improve access to Metro Manila's rail system, and provide daily transportation for hundreds of thousands of commuters (De Villa, 2026).", "While infrastructure improvements on Luzon are being actively developed, the Mindanao Railway Project is still in the planning and construction phase. The Mindanao Railway is intended to be a multi-phase integrated transit system that will provide greater public transportation access to residents of Mindanao and foster economic development in rural areas. Lawmakers such as Senate Minority Leader Alan Peter Cayetano have requested that the Department of Transportation pursue the development and funding of the Mindanao Railway project and have linked this request to the larger objectives of improved access and economic development in rural areas (Cayetano urges DOTr, 2025).", "Together, these railway projects reflect a strategic shift toward modern, high-capacity transport infrastructure:", "Greater connectivity: Once operational, Philippines rail networks will link urban and regional centers more efficiently, helping commuters travel faster and with less stress (De Villa, 2026).", "Economic Impact: Rail infrastructure typically supports jobs during construction and operation while attracting investments around stations and corridors (Effects of transportation on the economy, n.d.).", "Environmental Benefits: Shifting commuters from roads to rails can reduce traffic congestion and carbon emissions over the long term (Effects of transportation on the economy, n.d.)."], "keywords": ["Metro Manila Subway", "North-South Commuter Railway", "Mindanao Railway Project", "rail infrastructure", "traffic congestion", "economic development"], "highlights": [], "gallery": [{"src": "https://images.gmanews.tv/webpics/2024/05/viber_image_2024-05-21_14-28-07-139_2024_05_21_16_26_31.jpg", "alt": "viber_image_2024-05-21_14-28-07-139_2024_05_21_16_26_31.jpg", "caption": "viber_image_2024-05-21_14-28-07-139_2024_05_21_16_26_31.jpg"}, {"src": "https://images.topgear.com.ph/topgear/images/2022/06/16/nscr-renders-1655381214.jpeg", "alt": "nscr-renders-1655381214.jpeg", "caption": "nscr-renders-1655381214.jpeg"}, {"src": "https://www.railway-technology.com/wp-content/uploads/sites/13/2020/06/Image-6-North-South-Railway-Project.jpg", "alt": "Image-6-North-South-Railway-Project.avif", "caption": "Image-6-North-South-Railway-Project.avif"}], "sources": [{"label": "De Villa, K. (2026, April 12). Hopes on track: How are PH railway projects going? INQUIRER.net.", "url": "https://newsinfo.inquirer.net/2210750/hopes-on-track-how-are-ph-railway-projects-going"}, {"label": "GMA Integrated News. (2026, January 24). DOTr eyes Metro Manila Subway demo run in Q1 2028. GMA News Online.", "url": "https://www.gmanetwork.com/news/topstories/metro/974000/dotr-eyes-metro-manila-subway-demo-run-in-q1-2028/story/"}, {"label": "Bank, A. D. (2023, March 7). ADB approves project financing for South Commuter Railway project in the Philippines. Asian Development Bank.", "url": "https://www.adb.org/news/adb-approves-project-financing-south-commuter-railway-project-philippines"}, {"label": "Cayetano urges DOTr to revive Mindanao Railway, push rural development. (2025, November 29). Senate of the Philippines.", "url": "https://senate.gov.ph/media/news-release/cayetano-urges-dotr-to-revive-mindanao-railway-push-rural-development"}, {"label": "Effects of transportation on the economy. (n.d.). National Geographic Education.", "url": "https://education.nationalgeographic.org/resource/effects-transportation-economy/"}], "order": 2, "created_at": "2026-05-20T07:31:09.105Z", "topics": [2, 3, 4, 6]}}, {"model": "econ.blogpost", "pk": 3, "fields": {"title": "ASEAN Rail Systems vs the Philippine Rail System", "slug": "asean-rail-systems-vs-the-philippine-rail-system", "excerpt": "By comparing ASEAN rail systems with the Philippines, this blog shows how better rail networks can improve daily mobility, tourism, and long-term growth.", "featured_image_filename": "gallery_planning_largeR__1509364634.jpg", "featured_image_url": "https://cache2.travelfish.org/b/assets/2015/gallery/largeR/gallery_planning_largeR__1509364634.jpg", "raw_text": "Rail transport has long been a cornerstone of mobility in Southeast Asia. Countries like Thailand, Malaysia, and Singapore have established efficient, modern rail networks that connect urban and rural areas, facilitate trade, and support tourism (Gucilatar, 2017). Meanwhile, the Philippines continues to lag behind, facing systemic infrastructure challenges that limit mobility and economic potential (Daily Guardian, 2025; Francisco, 2025).\n\nAcross Southeast Asia, rail networks demonstrate variety and efficiency. Thailand features multiple train classifications, from super express to regular services, connecting cities like Bangkok, Chiang Mai, and Nong Khai (Travelfish). The network is not only a transportation system but also a cultural experience, offering scenic journeys that attract travelers. Malaysia and Singapore have high-speed rail and modern commuter systems linking major urban centers, supporting daily commuters and cross-border travel efficiently (Gucilatar, 2017). Indonesia's Java rail network provides extensive commuter and intercity connections, while other islands are gradually developing or reopening their rail systems, signaling regional commitment to rail-based mobility (Travelfish). Vietnam and Cambodia also support intercity travel, with Vietnam investing in modernizing routes connecting Hanoi, Saigon, and surrounding provinces (Gucilatar, 2017).\n\nThe key strengths of ASEAN rail systems include high-density networks, modern trains, multiple service classes, and integrated ticketing options. These elements contribute to reliability and positive traveler experiences (Travelfish; Gucilatar, 2017).\n\nIn contrast, the Philippines ranks last in ASEAN for overall transport infrastructure quality and performance (Daily Guardian, 2025; Francisco, 2025). According to PIDS, the country's railway system is severely underdeveloped, with a railway density of only 1.52 kilometers per square kilometer and a low infrastructure quality score of 1.9 out of 7. Most operational lines are concentrated in Metro Manila, and intercity rail connections remain sparse (Francisco, 2025). Budget allocations reflect these challenges. Despite prioritization in the Department of Transportation (DOTr) budget, actual capital outlay for rail systems remains minimal, heavily outweighed by road infrastructure investment (Francisco, 2025). Ongoing projects such as the North-South Commuter Railway, Mindanao Railway, and Metro Manila Subway aim to expand capacity, but nationwide coverage is still limited (Francisco, 2025). Operational issues such as aging trains, frequent delays, and inadequate maintenance further hinder service quality. Unlike ASEAN neighbors, the Philippines has yet to develop high-speed intercity rail or integrated commuter networks capable of supporting both urban and regional travel (Daily Guardian, 2025; Francisco, 2025).\n\nASEAN trains provide multiple service classes, punctual schedules, modern rolling stock, integrated ticketing, and scenic routes, all of which enhance reliability and passenger experience (Travelfish; Gucilatar, 2017). Philippine trains, in contrast, face overcrowding, frequent service disruptions, and aging infrastructure. Even metro lines operate beyond capacity, creating daily commuter challenges (Francisco, 2025).\n\nTourism integration is another differentiator. In Thailand and Vietnam, trains double as tourist attractions, offering scenic journeys (Travelfish). Philippine railway travel remains largely utilitarian and underutilized for tourism, despite government plans to improve inter-island connectivity (Francisco, 2025).\n\nThe Philippine Development Plans from 2001 to 2028 outline a gradual shift toward rail modernization. Infrastructure expansion projects include the North-South Commuter Railway, Mindanao Railway, and Metro Manila Subway, aimed at extending coverage across major islands (Francisco, 2025). The government also plans to integrate freight and passenger rail with ports and dry cargo terminals to support trade and reduce road congestion (Francisco, 2025). Modernization initiatives include upgrading rolling stock, adopting integrated ticketing, and collaborating with private and multilateral partners to increase efficiency and innovation (Francisco, 2025).\n\nA multimodal approach is also emphasized, with investments in buses, ferries, RORO vessels, and airports complementing rail development to improve mobility nationwide (Gucilatar, 2017; Francisco, 2025). Despite ambitious plans, progress is constrained by fragmented budgeting, lack of centralized infrastructure data, and delayed project implementation (Francisco, 2025).\n\nSuccess will require sustained investment, better planning, and coordinated execution across government agencies (Daily Guardian, 2025; Francisco, 2025). ASEAN rail systems illustrate how strategic investment and modern infrastructure can facilitate urbanization, tourism, and trade (Gucilatar, 2017; Travelfish). The Philippines, while acknowledging these benefits and planning aggressively, continues to face significant gaps in coverage, quality, and operational efficiency. Realizing the potential of Philippine rail transport will require not only increased funding but also integrated planning, data-driven decision-making, and effective coordination between agencies (Daily Guardian, 2025; Francisco, 2025).", "body_paragraphs": ["Rail transport has long been a cornerstone of mobility in Southeast Asia. Countries like Thailand, Malaysia, and Singapore have established efficient, modern rail networks that connect urban and rural areas, facilitate trade, and support tourism (Gucilatar, 2017). Meanwhile, the Philippines continues to lag behind, facing systemic infrastructure challenges that limit mobility and economic potential (Daily Guardian, 2025; Francisco, 2025).", "Across Southeast Asia, rail networks demonstrate variety and efficiency. Thailand features multiple train classifications, from super express to regular services, connecting cities like Bangkok, Chiang Mai, and Nong Khai (Travelfish). The network is not only a transportation system but also a cultural experience, offering scenic journeys that attract travelers. Malaysia and Singapore have high-speed rail and modern commuter systems linking major urban centers, supporting daily commuters and cross-border travel efficiently (Gucilatar, 2017). Indonesia's Java rail network provides extensive commuter and intercity connections, while other islands are gradually developing or reopening their rail systems, signaling regional commitment to rail-based mobility (Travelfish). Vietnam and Cambodia also support intercity travel, with Vietnam investing in modernizing routes connecting Hanoi, Saigon, and surrounding provinces (Gucilatar, 2017).", "The key strengths of ASEAN rail systems include high-density networks, modern trains, multiple service classes, and integrated ticketing options. These elements contribute to reliability and positive traveler experiences (Travelfish; Gucilatar, 2017).", "In contrast, the Philippines ranks last in ASEAN for overall transport infrastructure quality and performance (Daily Guardian, 2025; Francisco, 2025). According to PIDS, the country's railway system is severely underdeveloped, with a railway density of only 1.52 kilometers per square kilometer and a low infrastructure quality score of 1.9 out of 7. Most operational lines are concentrated in Metro Manila, and intercity rail connections remain sparse (Francisco, 2025). Budget allocations reflect these challenges. Despite prioritization in the Department of Transportation (DOTr) budget, actual capital outlay for rail systems remains minimal, heavily outweighed by road infrastructure investment (Francisco, 2025). Ongoing projects such as the North-South Commuter Railway, Mindanao Railway, and Metro Manila Subway aim to expand capacity, but nationwide coverage is still limited (Francisco, 2025). Operational issues such as aging trains, frequent delays, and inadequate maintenance further hinder service quality. Unlike ASEAN neighbors, the Philippines has yet to develop high-speed intercity rail or integrated commuter networks capable of supporting both urban and regional travel (Daily Guardian, 2025; Francisco, 2025).", "ASEAN trains provide multiple service classes, punctual schedules, modern rolling stock, integrated ticketing, and scenic routes, all of which enhance reliability and passenger experience (Travelfish; Gucilatar, 2017). Philippine trains, in contrast, face overcrowding, frequent service disruptions, and aging infrastructure. Even metro lines operate beyond capacity, creating daily commuter challenges (Francisco, 2025).", "Tourism integration is another differentiator. In Thailand and Vietnam, trains double as tourist attractions, offering scenic journeys (Travelfish). Philippine railway travel remains largely utilitarian and underutilized for tourism, despite government plans to improve inter-island connectivity (Francisco, 2025).", "The Philippine Development Plans from 2001 to 2028 outline a gradual shift toward rail modernization. Infrastructure expansion projects include the North-South Commuter Railway, Mindanao Railway, and Metro Manila Subway, aimed at extending coverage across major islands (Francisco, 2025). The government also plans to integrate freight and passenger rail with ports and dry cargo terminals to support trade and reduce road congestion (Francisco, 2025). Modernization initiatives include upgrading rolling stock, adopting integrated ticketing, and collaborating with private and multilateral partners to increase efficiency and innovation (Francisco, 2025).", "A multimodal approach is also emphasized, with investments in buses, ferries, RORO vessels, and airports complementing rail development to improve mobility nationwide (Gucilatar, 2017; Francisco, 2025). Despite ambitious plans, progress is constrained by fragmented budgeting, lack of centralized infrastructure data, and delayed project implementation (Francisco, 2025).", "Success will require sustained investment, better planning, and coordinated execution across government agencies (Daily Guardian, 2025; Francisco, 2025). ASEAN rail systems illustrate how strategic investment and modern infrastructure can facilitate urbanization, tourism, and trade (Gucilatar, 2017; Travelfish). The Philippines, while acknowledging these benefits and planning aggressively, continues to face significant gaps in coverage, quality, and operational efficiency. Realizing the potential of Philippine rail transport will require not only increased funding but also integrated planning, data-driven decision-making, and effective coordination between agencies (Daily Guardian, 2025; Francisco, 2025)."], "keywords": ["ASEAN rail systems", "Philippine rail system", "rail modernization", "transport infrastructure", "mobility", "tourism"], "highlights": [], "gallery": [], "sources": [{"url": "https://doi.org/10.62986/dp2024.51", "label": "Francisco, K. A. (2025, January 6). Transport infrastructure in the Philippines: From plans to actual allocation [Discussion paper]."}, {"url": "https://www.rappler.com/newsbreak/iq/167393-traveling-asean-transport-systems-southeast-asia", "label": "Gucilatar, T. (2017, April 20). Traveling in ASEAN: Transport systems in Southeast Asia. Rappler."}, {"url": "https://www.dailyguardian.com.ph/blog/ph-ranks-last-in-asean-transport-infrastructure", "label": "PH ranks last in ASEAN transport infrastructure. (2025, March 18). Daily Guardian."}, {"url": "https://www.travelfish.org/travel-planning/trains-in-southeast-asia", "label": "Trains in Southeast Asia. (n.d.). Travelfish."}], "order": 4, "created_at": "2026-05-20T07:31:09.903Z", "topics": [1, 2, 3]}}, {"model": "econ.blogpost", "pk": 4, "fields": {"title": "First-Hand Stories and Blogs About Daily Train Use", "slug": "first-hand-stories-and-blogs-about-daily-train-use", "excerpt": "Metro Manila commuters describe how MRT, LRT, and PNR shape daily travel, from overcrowding and station access to the small conveniences that make trips manageable.", "featured_image_filename": "first-hand-stories-and-blogs-about-daily-train-use.jpeg", "featured_image_url": "https://miro.medium.com/v2/resize:fit:1400/format:webp/1*QyrQEOjOy5TIwhkOwhPP_Q.jpeg", "raw_text": "BLOG 3: First-Hand Stories and Blogs About Daily Train Use\n\nPicture: first-hand-stories-and-blogs-about-daily-train-use.jpeg\nhttps://miro.medium.com/v2/resize:fit:1400/format:webp/1*QyrQEOjOy5TIwhkOwhPP_Q.jpeg\n\nNavigating Metro Manila often requires the use of the Metro Rail Transit (MRT) and Light Rail Transit (LRT), which have become essential for daily commuters. These rail systems offer a faster alternative to the heavily congested streets of EDSA, allowing people to reach their destinations efficiently despite frequent overcrowding. The MRT operates along thirteen stations from North Avenue to Taft Avenue, while the LRT is divided into two lines: LRT-1 with nineteen stations and LRT-2 with eleven stations. Each line has distinct features, including the MRT’s blue trains and the LRT’s yellow trains, which make them easily identifiable (Buduan, 2018).\n\nCommuting experiences vary depending on the line and time of day. LRT-2 generally provides the most comfortable rides due to its spacious trains and well-maintained stations. In contrast, MRT and LRT-1 frequently experience severe overcrowding, especially during peak hours. First-time commuters often find stations such as Katipunan or Doroteo Jose difficult to navigate because of unclear signage and complex layouts. Despite these challenges, the speed and reliability of the trains make them a more practical choice than buses, which often become trapped in heavy traffic (Buduan, 2018).\n\nDaily commuting also presents additional difficulties. Elevators and escalators are often out of service, and essential amenities such as toilets or Wi-Fi are frequently unavailable. Many passengers mitigate these issues by using Beep cards, which simplify payment and reduce time spent in long queues. These small conveniences make a noticeable difference for commuters who endure crowded conditions regularly, helping them complete their journeys with greater efficiency (Top Gear Philippines, 2019).\n\nThe train systems of Metro Manila are used not only for short city trips but also for longer commutes to surrounding provinces. Many commuters rely on the Philippine National Railway (PNR) for journeys between Manila and nearby towns to avoid heavy traffic and reduce travel costs. While these trips can be crowded and offer limited amenities, they provide a predictable and efficient way to manage time and schedules. Commuters often adapt to these conditions, finding ways to occupy themselves, reflect, or plan their day during the journey (Castillo, 2019).\n\nTogether, the MRT, LRT, and PNR illustrate both the challenges and resilience of daily commuting in Metro Manila. Riders from different socioeconomic backgrounds share the same trains, confronting overcrowding, delays, and limited station facilities while still relying on these services as the most practical transportation option. These experiences highlight the need for system-wide improvements while also demonstrating the patience, endurance, and adaptability of those who depend on public transit every day (Buduan, 2018; Top Gear Philippines, 2019; Castillo, 2019)\n\nSources:\nBuduan, K. (2016, December 24). MRT v LRT: A comparison of what it is like to ride both. Medium.\nhttps://kenrickbuduan.medium.com/mrt-v-lrt-a-comparison-of-what-is-it-like-to-ride-both-3383acb6a488\n\nCarlos, O. (2021, March 23). The prayer train. Medium.\nhttps://oliverjetcastillo.medium.com/the-prayer-train-71060b5542c2\n\nThe realities of riding the MRT daily. (2019, August 27). Top Gear Philippines.\nhttps://www.topgear.com.ph/features/feature-articles/realities-riding-mrt-daily-a4354-20190827", "body_paragraphs": ["Navigating Metro Manila often requires the use of the Metro Rail Transit (MRT) and Light Rail Transit (LRT), which have become essential for daily commuters. These rail systems offer a faster alternative to the heavily congested streets of EDSA, allowing people to reach their destinations efficiently despite frequent overcrowding. The MRT operates along thirteen stations from North Avenue to Taft Avenue, while the LRT is divided into two lines: LRT-1 with nineteen stations and LRT-2 with eleven stations. Each line has distinct features, including the MRT’s blue trains and the LRT’s yellow trains, which make them easily identifiable (Buduan, 2018).", "Commuting experiences vary depending on the line and time of day. LRT-2 generally provides the most comfortable rides due to its spacious trains and well-maintained stations. In contrast, MRT and LRT-1 frequently experience severe overcrowding, especially during peak hours. First-time commuters often find stations such as Katipunan or Doroteo Jose difficult to navigate because of unclear signage and complex layouts. Despite these challenges, the speed and reliability of the trains make them a more practical choice than buses, which often become trapped in heavy traffic (Buduan, 2018).", "Daily commuting also presents additional difficulties. Elevators and escalators are often out of service, and essential amenities such as toilets or Wi-Fi are frequently unavailable. Many passengers mitigate these issues by using Beep cards, which simplify payment and reduce time spent in long queues. These small conveniences make a noticeable difference for commuters who endure crowded conditions regularly, helping them complete their journeys with greater efficiency (Top Gear Philippines, 2019).", "The train systems of Metro Manila are used not only for short city trips but also for longer commutes to surrounding provinces. Many commuters rely on the Philippine National Railway (PNR) for journeys between Manila and nearby towns to avoid heavy traffic and reduce travel costs. While these trips can be crowded and offer limited amenities, they provide a predictable and efficient way to manage time and schedules. Commuters often adapt to these conditions, finding ways to occupy themselves, reflect, or plan their day during the journey (Castillo, 2019).", "Together, the MRT, LRT, and PNR illustrate both the challenges and resilience of daily commuting in Metro Manila. Riders from different socioeconomic backgrounds share the same trains, confronting overcrowding, delays, and limited station facilities while still relying on these services as the most practical transportation option. These experiences highlight the need for system-wide improvements while also demonstrating the patience, endurance, and adaptability of those who depend on public transit every day (Buduan, 2018; Top Gear Philippines, 2019; Castillo, 2019)"], "keywords": ["MRT", "LRT", "PNR", "daily commuting", "Metro Manila", "public transit"], "highlights": [], "gallery": [], "sources": [{"label": "Buduan, K. (2016, December 24). MRT v LRT: A comparison of what it is like to ride both. Medium.", "url": "https://kenrickbuduan.medium.com/mrt-v-lrt-a-comparison-of-what-is-it-like-to-ride-both-3383acb6a488"}, {"label": "Carlos, O. (2021, March 23). The prayer train. Medium.", "url": "https://oliverjetcastillo.medium.com/the-prayer-train-71060b5542c2"}, {"label": "The realities of riding the MRT daily. (2019, August 27). Top Gear Philippines.", "url": "https://www.topgear.com.ph/features/feature-articles/realities-riding-mrt-daily-a4354-20190827"}], "order": 3, "created_at": "2026-05-20T07:31:10.265Z", "topics": [1, 2, 3]}}, {"model": "econ.blogpost", "pk": 5, "fields": {"title": "History of the Rail System in the Philippines", "slug": "history-of-the-rail-system-in-the-philippines", "excerpt": "The Philippines' rail system began in 1892 and evolved through colonial expansion, wartime damage, and modern urban rail projects.", "featured_image_filename": "history-of-the-rail-system-in-the-philippines.jpg", "featured_image_url": "https://blogger.googleusercontent.com/img/b/R29vZ2xl/AVvXsEhpSYX_maTq2o1i1AbpitW7dLEwwrt8y6nq4swaEwIzAiyKlkx6MVAygXm1RqrEcZfBH6w8o8s75n5uGypWKkE3evjG11bcyStoHLR3g0E06L95bIHaESJj0d8Xj3dYm-qT7TBq0kFXXwpy/s1600/pnr-manila-and-rizal.jpg", "raw_text": "BLOG 5: History of the Rail System in the Philippines\n\nPicture: history-of-the-rail-system-in-the-philippines.jpg\nhttps://blogger.googleusercontent.com/img/b/R29vZ2xl/AVvXsEhpSYX_maTq2o1i1AbpitW7dLEwwrt8y6nq4swaEwIzAiyKlkx6MVAygXm1RqrEcZfBH6w8o8s75n5uGypWKkE3evjG11bcyStoHLR3g0E06L95bIHaESJj0d8Xj3dYm-qT7TBq0kFXXwpy/s1600/pnr-manila-and-rizal.jpg\n\nThe history of the rail system in the Philippines stretches back to the late 19th century, when the first steam-powered railway was inaugurated on November 24, 1892. Nearly two decades earlier, King Alfonso XII of Spain issued a decree for the establishment of a railway system in Luzon, prompting the construction of the Ferrocarril de Manila–Dagupan, which connected Manila to Dagupan in Pangasinan over a 195-kilometer track (Inquirer News, 2018; Philippine Railway Historical Society, n.d.). In those early years, railways and streetcar systems, locally called tranvías, served both commuters and freight, while electric tramways, introduced in 1905, circled Manila and served outlying districts (Sinfin, n.d.; Inquirer Opinion, 2016). Extension lines in Manila also reached Paco, Pasig, Marikina, Antipolo, Parañaque, and Bacoor, though these were destroyed during World War II and never rebuilt (History-Ph, 2017).\n\nDuring the American colonial period, the Manila Railroad Company (MRRCo), which later became the Philippine National Railways (PNR), expanded the national rail network. From the Tutuban Central Station in Manila, construction moved north to Dagupan, and a new line was built from Bulacan to Cabanatuan in 1902. Subsequent expansions extended lines to La Union in the north and Albay in the south, creating a system that ultimately stretched approximately 1,100 kilometers from San Fernando, La Union, to Legazpi, Albay (Inquirer News, 2018; Sinfin, n.d.). Manila’s tranvía networks complemented these mainline services by facilitating intra-city travel.\n\nWorld War II caused significant damage to the rail system nationwide, leaving much of the infrastructure in ruins (Inquirer Opinion, 2016). In the decades following the war, many lines fell into disuse due to neglect, mismanagement, and natural calamities. In 1964, MRRCo was formally converted into PNR through Republic Act No. 4156, becoming a government-owned corporation (Inquirer News, 2018). Although the network once linked La Union to Bicol, only limited segments remained operational by the late 20th century.\n\nRailways also played a vital role in regional economies. During the Commonwealth period, imported steam locomotives transported sugar cane in Negros from haciendas to sugar mills, using main and lateral lines to service the milling districts (Inquirer News, 2018). Panay Railways Inc. operated a 117-kilometer line connecting Iloilo City to Roxas City in Capiz until financial difficulties led to its closure in the mid-1980s. In 1906, the Philippine Commission authorized the construction and operation of additional lines in other parts of the country, though many of these projects were short-lived (Inquirer News, 2018).\n\nUrbanization and commuter demand in Metro Manila prompted renewed focus on modern urban rail transit. The Light Rail Transit Authority (LRTA) was created in 1980, leading to the opening of LRT-1 in 1984, the country’s first modern mass transit rail line (LRTA, n.d.). The Metro Rail Transit Line 3 (MRT-3), or Metrostar Express, was inaugurated in 1999, providing a critical north-south connection along EDSA (History-Ph, 2017). Today, urban lines such as LRT-1, LRT-2, and MRT-3 serve thousands of commuters daily, while planned projects like the North-South Commuter Railway aim to restore intercity and provincial rail connectivity (Sinfin, n.d.; Inquirer Opinion, 2016). The Philippine Railway Historical Society continues to preserve the historic legacy of the country’s rail system (Philippine Railway Historical Society, n.d.).\n\nSources:\nHistory-Ph. (2017, April 21). Behind the names: Stations of MRT Line 3.\nhttps://history-ph.blogspot.com/2017/04/mrt-3-names.html\n\nLight Rail Transit Authority. (n.d.). LRTA history.\nhttps://www.lrta.gov.ph/lrta-history/\n\nPhilippine Railway Historical Society. (n.d.). Hondagua - Beauty & The Beast.\nhttps://philippinerailwayhistoricalsociety.blogspot.com/\n\nSinfin. (n.d.). Railways in the Philippines.\nhttps://www.sinfin.net/railways/world/philippines.html\n\nButuyan, J. R. (2016, December 26). Modern train system of our past. Inquirer Opinion.\nhttps://opinion.inquirer.net/100295/modern-train-system-past\n\nInquirer News. (2018, April 23). In the know: History of railroads in PH.\nhttps://newsinfo.inquirer.net/984438/in-the-know-history-of-railroads-in-ph", "body_paragraphs": ["The history of the rail system in the Philippines stretches back to the late 19th century, when the first steam-powered railway was inaugurated on November 24, 1892. Nearly two decades earlier, King Alfonso XII of Spain issued a decree for the establishment of a railway system in Luzon, prompting the construction of the Ferrocarril de Manila–Dagupan, which connected Manila to Dagupan in Pangasinan over a 195-kilometer track (Inquirer News, 2018; Philippine Railway Historical Society, n.d.). In those early years, railways and streetcar systems, locally called tranvías, served both commuters and freight, while electric tramways, introduced in 1905, circled Manila and served outlying districts (Sinfin, n.d.; Inquirer Opinion, 2016). Extension lines in Manila also reached Paco, Pasig, Marikina, Antipolo, Parañaque, and Bacoor, though these were destroyed during World War II and never rebuilt (History-Ph, 2017).", "During the American colonial period, the Manila Railroad Company (MRRCo), which later became the Philippine National Railways (PNR), expanded the national rail network. From the Tutuban Central Station in Manila, construction moved north to Dagupan, and a new line was built from Bulacan to Cabanatuan in 1902. Subsequent expansions extended lines to La Union in the north and Albay in the south, creating a system that ultimately stretched approximately 1,100 kilometers from San Fernando, La Union, to Legazpi, Albay (Inquirer News, 2018; Sinfin, n.d.). Manila’s tranvía networks complemented these mainline services by facilitating intra-city travel.", "World War II caused significant damage to the rail system nationwide, leaving much of the infrastructure in ruins (Inquirer Opinion, 2016). In the decades following the war, many lines fell into disuse due to neglect, mismanagement, and natural calamities. In 1964, MRRCo was formally converted into PNR through Republic Act No. 4156, becoming a government-owned corporation (Inquirer News, 2018). Although the network once linked La Union to Bicol, only limited segments remained operational by the late 20th century.", "Railways also played a vital role in regional economies. During the Commonwealth period, imported steam locomotives transported sugar cane in Negros from haciendas to sugar mills, using main and lateral lines to service the milling districts (Inquirer News, 2018). Panay Railways Inc. operated a 117-kilometer line connecting Iloilo City to Roxas City in Capiz until financial difficulties led to its closure in the mid-1980s. In 1906, the Philippine Commission authorized the construction and operation of additional lines in other parts of the country, though many of these projects were short-lived (Inquirer News, 2018).", "Urbanization and commuter demand in Metro Manila prompted renewed focus on modern urban rail transit. The Light Rail Transit Authority (LRTA) was created in 1980, leading to the opening of LRT-1 in 1984, the country’s first modern mass transit rail line (LRTA, n.d.). The Metro Rail Transit Line 3 (MRT-3), or Metrostar Express, was inaugurated in 1999, providing a critical north-south connection along EDSA (History-Ph, 2017). Today, urban lines such as LRT-1, LRT-2, and MRT-3 serve thousands of commuters daily, while planned projects like the North-South Commuter Railway aim to restore intercity and provincial rail connectivity (Sinfin, n.d.; Inquirer Opinion, 2016). The Philippine Railway Historical Society continues to preserve the historic legacy of the country’s rail system (Philippine Railway Historical Society, n.d.)."], "keywords": ["Philippine rail history", "PNR", "LRT-1", "MRT-3", "tranvía", "urban rail transit"], "highlights": [], "gallery": [], "sources": [{"label": "History-Ph. (2017, April 21). Behind the names: Stations of MRT Line 3.", "url": "https://history-ph.blogspot.com/2017/04/mrt-3-names.html"}, {"label": "Light Rail Transit Authority. (n.d.). LRTA history.", "url": "https://www.lrta.gov.ph/lrta-history/"}, {"label": "Philippine Railway Historical Society. (n.d.). Hondagua - Beauty & The Beast.", "url": "https://philippinerailwayhistoricalsociety.blogspot.com/"}, {"label": "Sinfin. (n.d.). Railways in the Philippines.", "url": "https://www.sinfin.net/railways/world/philippines.html"}, {"label": "Butuyan, J. R. (2016, December 26). Modern train system of our past. Inquirer Opinion.", "url": "https://opinion.inquirer.net/100295/modern-train-system-past"}, {"label": "Inquirer News. (2018, April 23). In the know: History of railroads in PH.", "url": "https://newsinfo.inquirer.net/984438/in-the-know-history-of-railroads-in-ph"}], "order": 5, "created_at": "2026-05-20T07:31:10.269Z", "topics": [1, 2, 5]}}, {"model": "econ.mediagalleryentry", "pk": 1, "fields": {"title": "Mindanao Railway Concept Art", "description": "Public-domain concept art showing an embankment section of the planned Mindanao Railway.", "media_type": "image", "date": null, "image_url": "https://commons.wikimedia.org/wiki/Special:FilePath/Mindanao%20Railway.png", "video_url": "", "thumbnail_url": "", "order": 1, "created_at": "2026-05-20T07:31:09.123Z", "topics": [2, 4]}}, {"model": "econ.mediagalleryentry", "pk": 2, "fields": {"title": "Mindanao Railway Map", "description": "High-level schematic map of the planned Mindanao Railway system and its future phases.", "media_type": "image", "date": null, "image_url": "https://commons.wikimedia.org/wiki/Special:FilePath/Mindanao%20Railway%20System%20Map.png", "video_url": "", "thumbnail_url": "", "order": 2, "created_at": "2026-05-20T07:31:09.123Z", "topics": [2, 4]}}, {"model": "econ.mediagalleryentry", "pk": 3, "fields": {"title": "NSCR Route Map", "description": "Map of the North-South Commuter Railway corridor and its station network.", "media_type": "image", "date": null, "image_url": "https://commons.wikimedia.org/wiki/Special:FilePath/Map%20of%20North-South%20Commuter%20Railway%20%282022%29.jpg", "video_url": "", "thumbnail_url": "", "order": 3, "created_at": "2026-05-20T07:31:09.124Z", "topics": [2, 4]}}, {"model": "econ.mediagalleryentry", "pk": 4, "fields": {"title": "NSCR Loan Signing", "description": "Ceremonial loan signing for the South Section of the Philippine North-South Commuter Railway Project.", "media_type": "video", "date": "2022-06-16", "image_url": "", "video_url": "https://commons.wikimedia.org/wiki/Special:FilePath/Ceremonial%20Loan%20Signing%20for%20the%20South%20Section%20of%20the%20Philippine%20North-South%20Commuter%20Railway%20Project%20-%2016%20June%202022.webm", "thumbnail_url": "", "order": 4, "created_at": "2026-05-20T07:31:09.125Z", "topics": [2, 4]}}, {"model": "econ.mediagalleryentry", "pk": 5, "fields": {"title": "NSCR South Contract Signing", "description": "Contract signing for CP-S02 and S-03B on the NSCR South Commuter section.", "media_type": "video", "date": "2023-04-27", "image_url": "", "video_url": "https://commons.wikimedia.org/wiki/Special:FilePath/Contract%20Signing%20of%20the%20Philippines%20North-South%20Commuter%20Railway%20Project%20%E2%80%93%20South%20Commuter%20Section%20CP-S02%20%26%20S-03B.webm", "thumbnail_url": "", "order": 5, "created_at": "2026-05-20T07:31:09.126Z", "topics": [2, 4]}}, {"model": "econ.mediagalleryentry", "pk": 6, "fields": {"title": "NSCR Inspection Clip", "description": "A short Department of Transportation inspection clip showing North-South Commuter Rail works.", "media_type": "video", "date": "2025-10-23", "image_url": "", "video_url": "https://commons.wikimedia.org/wiki/Special:FilePath/Philippines%20Transport%20%28DOTr%29%20Secretary%20Giovanni%20Lopez%20inspection%20of%20the%20North-South%20Commuter%20Rail%20%28NSCR%29.webm", "thumbnail_url": "", "order": 6, "created_at": "2026-05-20T07:31:09.126Z", "topics": [2, 4]}}, {"model": "econ.mediagalleryentry", "pk": 7, "fields": {"title": "Modern City Trains", "description": "Urban rail systems help people travel quickly and efficiently within cities.", "media_type": "image", "date": null, "image_url": "https://i0.wp.com/tokyotreatblog.wpcomstaging.com/wp-content/uploads/2023/10/bullet-train-thumbnail.png?fit=1024%2C683&ssl=1", "video_url": "", "thumbnail_url": "", "order": 7, "created_at": "2026-05-20T07:31:09.137Z", "topics": [1, 4, 5]}}, {"model": "econ.mediagalleryentry", "pk": 8, "fields": {"title": "Crowded Rush Hour Train", "description": "Rail transport moves thousands of passengers daily, reducing traffic congestion.", "media_type": "image", "date": null, "image_url": "https://www.rappler.com/tachyon/r3-assets/612F469A6EA84F6BAE882D2B94A4B421/img/8A05DA686544457A950EEC3E0DAAF221/mrt-photo-edsa-taft.jpg", "video_url": "", "thumbnail_url": "", "order": 8, "created_at": "2026-05-20T07:31:09.138Z", "topics": [1, 2, 4]}}, {"model": "econ.mediagalleryentry", "pk": 9, "fields": {"title": "Elevated Railways", "description": "Improve mobility while saving valuable road space.", "media_type": "image", "date": null, "image_url": "https://www.manilatimes.net/manilatimes/uploads/images/2021/05/23/1543.jpg", "video_url": "", "thumbnail_url": "", "order": 9, "created_at": "2026-05-20T07:31:09.139Z", "topics": [1, 3, 4]}}, {"model": "econ.mediagalleryentry", "pk": 10, "fields": {"title": "Inclusive Transport", "description": "Accessible train stations support transportation for all passengers.", "media_type": "image", "date": null, "image_url": "https://www.lrta.gov.ph/wp-content/uploads/2025/07/photo_2025-07-31_12-59-03-1024x768.jpg", "video_url": "", "thumbnail_url": "", "order": 10, "created_at": "2026-05-20T07:31:09.140Z", "topics": [3, 4, 6]}}, {"model": "econ.mediagalleryentry", "pk": 11, "fields": {"title": "Empowering Mobility", "description": "Stations cater to people with disabilities for equitable access.", "media_type": "image", "date": null, "image_url": "https://images.topgear.com.ph/topgear/images/2020/08/20/dotr-mrt-3-escalators-elevators-1597909548.jpg", "video_url": "", "thumbnail_url": "", "order": 11, "created_at": "2026-05-20T07:31:09.140Z", "topics": [3, 4]}}, {"model": "econ.mediagalleryentry", "pk": 12, "fields": {"title": "Sustainable Mobility", "description": "Promotes eco-friendly travel by reducing fuel consumption.", "media_type": "image", "date": null, "image_url": "https://www.shutterstock.com/image-vector/vector-illustration-electricpowered-mrt-train-260nw-2550253671.jpg", "video_url": "", "thumbnail_url": "", "order": 12, "created_at": "2026-05-20T07:31:09.141Z", "topics": [3, 4, 6]}}, {"model": "econ.mediagalleryentry", "pk": 13, "fields": {"title": "Connected Systems", "description": "Rail links with other transport modes for smoother commuting.", "media_type": "image", "date": null, "image_url": "https://exclusive.multibriefs.com/images/exclusive/0427transportation.jpg", "video_url": "", "thumbnail_url": "", "order": 13, "created_at": "2026-05-20T07:31:09.142Z", "topics": [3, 4, 6]}}, {"model": "econ.mediagalleryentry", "pk": 14, "fields": {"title": "Transit Networks", "description": "Improve accessibility across different parts of the city.", "media_type": "image", "date": null, "image_url": "https://www.urbanrail.net/as/manila/manila-metro-map.png", "video_url": "", "thumbnail_url": "", "order": 14, "created_at": "2026-05-20T07:31:09.143Z", "topics": [1, 3, 4, 5]}}, {"model": "econ.mediagalleryentry", "pk": 15, "fields": {"title": "Urban Growth", "description": "Encourages development near transportation hubs.", "media_type": "image", "date": null, "image_url": "https://www.railway-technology.com/wp-content/uploads/sites/13/2022/06/rail-system.jpeg", "video_url": "", "thumbnail_url": "", "order": 15, "created_at": "2026-05-20T07:31:09.143Z", "topics": [3, 4, 6]}}, {"model": "econ.mediagalleryentry", "pk": 16, "fields": {"title": "Tourism Boost", "description": "Rail transport enhances tourism and local economic activity.", "media_type": "image", "date": null, "image_url": "https://cdn.audleytravel.com/1024/731/79/16028680-faade-of-manila-cathedral.jpg", "video_url": "", "thumbnail_url": "", "order": 16, "created_at": "2026-05-20T07:31:09.144Z", "topics": [3, 4]}}, {"model": "econ.journalentry", "pk": 1, "fields": {"title": "How railway stations can transform urban mobility and the public realm: The stakeholders’ perspective", "journal_url": "https://www.sciencedirect.com/science/article/pii/S2667091723000031", "authors": "Lunardon, A., Vladimirova, D., Boucsein, B.", "publication_year": 2023, "journal_name": "Journal of Urban Mobility", "citation_info": "Vol. 3 | DOI: 10.1016/j.urbmob.2023.100047", "snippet": "Railway stations are massive infrastructures through which people, products, materials, and energy flow every day. They usually gather a multitude of functions and provide a wide range of services to users based on their respective specific features. Thus, railway stations have the potential to play a critical role in reshaping our cities in a sustainable manner by facilitating intermodality, green and active modes of transport and logistics, and by gathering proximity services. In this reshaping process, implementing effective and seamless mobility, as well as the proximity of services, are key challenges. However, no urban transformation process can take place without the involvement and commitment of the respective stakeholders. This paper aims to form an understanding of the views these stakeholders have towards the potential of railway stations transformation, for the broad European context, to carve out first paths towards actually achieving that transformation. This study analyses a wide range of inputs and considerations made during a series of workshops held in 2021 by the EIT Urban Mobility where experts from a wide range of fields exchanged their experiences and ideas around the topics of urban mobility and public realm. In this process, railway stations emerged as a key player to meet the challenges of cities' sustainable development. After analysing their potential and exploring policy obstacles that are currently hampering such a transformation, this paper suggests a series of recommendations to better exploit railway stations, gained from the stakeholders' perspective.", "keywords": ["railway stations", "urban mobility", "public realm", "stakeholders", "sustainable development"], "order": 1, "created_at": "2026-05-20T07:31:09.156Z", "topics": [1, 3]}}, {"model": "econ.journalentry", "pk": 2, "fields": {"title": "Enhancing accessibility through rail transit in congested urban areas: A cross-regional analysis", "journal_url": "https://www.sciencedirect.com/science/article/abs/pii/S0966692323002636", "authors": "Zhang, H., Zhan, B., Ouyang, M.", "publication_year": 2024, "journal_name": "Journal of Transport Geography", "citation_info": "Vol. 115 | DOI: 10.1016/j.jtrangeo.2023.103791", "snippet": "The efficacy of urban rail transit in reducing the impact of road congestion is the subject of debate in policy and academic communities. Despite huge challenges arising from multifaceted factors such as data limitation, the recently released annual average congestion data enables us to empirically analyze the effect of urban rail transits in terms of their contribution to the average accessibility under road congestion. This paper presents a framework to evaluate the accessibility improvement benefit of urban rail transit under road congestion from a mean-field perspective. A cross-regional analysis in 43 Chinese cities demonstrates that the rail transit networks enhance the potential accessibility and contour accessibility by up to 5.07% and 12.09%, respectively. Besides, the accessibility improvement benefit largely depends on the road congestion level, rail network size, and layout of rail network. Furthermore, simulations on randomly generated rail transit networks indicate that the population coverage and proximity to roads are two structural determinants on the performance of rail transit. The proposed framework, together with the empirical findings, provides insights for city authorities to plan urban rail networks.", "keywords": ["accessibility", "rail transit", "road congestion", "urban planning", "Chinese cities"], "order": 2, "created_at": "2026-05-20T07:31:09.157Z", "topics": [3, 6]}}, {"model": "econ.journalentry", "pk": 3, "fields": {"title": "The Association between Urban Public Transport Infrastructure and Social Equity and Spatial Accessibility within the Urban Environment: An Investigation of Tramlink in London", "journal_url": "https://www.mdpi.com/2071-1050/11/5/1229", "authors": "Cuthill, N., Cao, M., Liu, Y., Gao, X., Zhang, Y.", "publication_year": 2019, "journal_name": "Sustainability", "citation_info": "Vol. 11(5) | Art. 1229 | DOI: 10.3390/su11051229", "snippet": "The pursuit of sustainability has been at the forefront of contemporary planning initiatives. However, most recent research has focused on the environmental and economic aspects of developing sustainable urban environment, whilst largely neglecting the social aspects. Contemporary political thinking in the UK often disregards the potential of the urban infrastructure to improve social equity. The aim of this study was to analyse the impact of transport infrastructure on a variety of social measures, in an empirical and ideologically unbiased fashion, using both quantitative and qualitative methods. We selected Tramlink as a case study: a light-rail system in the London Borough of Croydon which began operation in 2000. We used quantitative methods, including advanced spatial statistics, to produce a more detailed analysis of social equity than has been previously published. This acknowledges that determining localised issues can produce more informed and effective policy interventions. Our results demonstrate that the physical properties of transport infrastructure and the non-physical attributes of society, in combination, help to create opportunities for individuals to succeed. We also find that in order to reduce the negative effects of austerity, public money could be more effectively spent if diverted to areas that are most in need which can be highlighted through localised investigations.", "keywords": ["social equity", "spatial accessibility", "public transport", "light rail", "London"], "order": 3, "created_at": "2026-05-20T07:31:09.158Z", "topics": [3]}}, {"model": "econ.journalentry", "pk": 4, "fields": {"title": "Governing urban accessibility: moving beyond transport and mobility", "journal_url": "https://www.tandfonline.com/doi/abs/10.1080/23800127.2018.1438149", "authors": "Rode, P., da Cruz, N.F.", "publication_year": 2018, "journal_name": "Applied Mobilities", "citation_info": "Vol. 3(1) | pp. 8-33 | DOI: 10.1080/23800127.2018.1438149", "snippet": "Access to people, goods, ideas and services is the basis of economic development in cities. The better this access, the greater the economic benefits through economies of scale, agglomeration effects and networking advantages. The way in which cities facilitate accessibility also impacts directly on other key aspects of human development, social inclusion and well-being. Accessibility is created through a complex interplay of urban form and transport systems. Thus, governing urban accessibility requires moving beyond conventional urban transport considerations linked to mobility and movement. Such a re-framing implies a far greater recognition of urban form characteristics like land use, distribution of densities and urban design, in addition to transport characteristics like infrastructures, service levels and travel speeds. A new interface between these characteristics has emerged as a result of shared mobility systems, putting additional pressure on city governments to act as system integrators. Based on a literature review, empirical insights from a global survey and the case-study cities of London, NYC and Berlin, this paper explores the institutional capacities of shifting from governing urban transport to urban accessibility. The evidence shows that there are entrenched misalignments which may impact negatively on the capacity to pair planning and policies essential for delivering better accessibility. Furthermore, it is clear that hierarchies and networks are not mutually exclusive when it comes to integrated governance of accessibility. The findings also suggest that cities may be better equipped to integrate shared mobility and consider mobility as a service than to pursue more wide-ranging metropolitan accessibility policies.", "keywords": ["urban accessibility", "economic development", "mobility", "land use", "governance"], "order": 4, "created_at": "2026-05-20T07:31:09.158Z", "topics": [3, 6]}}, {"model": "econ.journalentry", "pk": 5, "fields": {"title": "The role of railway in handling transport services of cities and agglomerations", "journal_url": "https://www.sciencedirect.com/science/article/pii/S2352146519301310", "authors": "Pietrzak, O., Pietrzak, K.", "publication_year": 2019, "journal_name": "Transportation Research Procedia", "citation_info": "Vol. 39 | pp. 405-416 | DOI: 10.1016/j.trpro.2019.06.043", "snippet": "The article discusses the changes in handling transport services of cities and agglomerations and the importance of railway in this aspect. Considerations on the transformation of the transport market, being the effect of changes on the market of goods and services and economic growth, the reasons for using railway transport in servicing urban and agglomeration traffic were identified. For many years the features characterizing rail transport have constituted a determinant of its use for the long-distance transport of homogeneous large cargo mass and long-distance transport of a significant number of passengers. The economic growth, and thus the increase in requirements on the transport market, caused a significant development of road transport in the short term. However, due to the negative external effects generated by this transport, as well as the change in the transport policy of individual countries and regions, steps have been taken towards the inter-branch diversification of transport services. Together with the dissemination of the concept of sustainable development, protection of the interests of future generations and limitation of emissions of harmful substances into the natural environment, innovative concepts, products and services to meet the tasks of a modern and responsible market appeared. The purpose of this article was to answer the following question: Is there a possibility for rail transport to be an important element of sustainable urban transport systems? Therefore, the article presents the concept of using an innovative system of self-propelled train compositions for handling transport services of cities and agglomerations. These train compositions, due to their limited length, their own propulsion system, and the control cabins located at both sides of the train, can be an alternative for handling feeder and transfer services in the agglomeration area, previously implemented mainly by means of road transport. The research area was Szczecin agglomeration with the city of Szczecin. Considerations and inferences were made on the basis of literature analysis, documentary method, external observation and methods of analysis and synthesis. This publication and/or research have been partially financed under the grant No 3/S/IZT/2018 financed from a subsidy of the Ministry of Science and Higher Education for statutory activities.", "keywords": ["railway transport", "urban services", "agglomerations", "sustainable development", "economic growth"], "order": 5, "created_at": "2026-05-20T07:31:09.159Z", "topics": [1, 3, 5]}}, {"model": "econ.quizquestion", "pk": 1, "fields": {"topic": 1, "question": "What makes rail useful for dense cities?", "option_a": "It only works for private cars.", "option_b": "It can move many passengers in limited space.", "option_c": "It removes the need for stations.", "correct_option": "B", "explanation": "Rail is efficient because it can move high passenger volumes through fixed corridors.", "order": 1}}, {"model": "econ.quizquestion", "pk": 2, "fields": {"topic": 1, "question": "Which item best fits rail transport basics?", "option_a": "Airline routes only.", "option_b": "Individual parking spaces.", "option_c": "Tracks, trains, stations, and passenger movement.", "correct_option": "C", "explanation": "The basics focus on the core rail system and how people or goods move through it.", "order": 2}}, {"model": "econ.quizquestion", "pk": 3, "fields": {"topic": 1, "question": "Why is rail often linked to lower congestion?", "option_a": "It shifts many trips away from roads.", "option_b": "It increases the number of private vehicles.", "option_c": "It blocks all other transport modes.", "correct_option": "A", "explanation": "When rail is reliable, it can reduce dependence on road travel.", "order": 3}}, {"model": "econ.quizquestion", "pk": 4, "fields": {"topic": 2, "question": "Which systems are part of the Philippine rail context shown on the site?", "option_a": "Only international bullet trains.", "option_b": "MRT, LRT, PNR, subway, and commuter rail projects.", "option_c": "Only airport terminals.", "correct_option": "B", "explanation": "The topic groups Philippine rail lines and major current rail projects.", "order": 1}}, {"model": "econ.quizquestion", "pk": 5, "fields": {"topic": 2, "question": "What is one goal of major Philippine rail projects?", "option_a": "Remove public transport options.", "option_b": "Make cities less connected.", "option_c": "Improve mobility and reduce congestion.", "correct_option": "C", "explanation": "Rail projects are presented as tools for connectivity and congestion relief.", "order": 2}}, {"model": "econ.quizquestion", "pk": 6, "fields": {"topic": 2, "question": "Which project is linked to the NSCR materials?", "option_a": "North-South Commuter Railway.", "option_b": "A shipping-only canal.", "option_c": "A private parking project.", "correct_option": "A", "explanation": "NSCR refers to the North-South Commuter Railway.", "order": 3}}, {"model": "econ.quizquestion", "pk": 7, "fields": {"topic": 3, "question": "How can rail support economic productivity?", "option_a": "By making travel less reliable.", "option_b": "By improving access to jobs, services, and business districts.", "option_c": "By isolating neighborhoods.", "correct_option": "B", "explanation": "Better access can reduce travel friction and support economic activity.", "order": 1}}, {"model": "econ.quizquestion", "pk": 8, "fields": {"topic": 3, "question": "What does accessibility mean in this topic?", "option_a": "The number of decorative signs at stations.", "option_b": "The removal of public spaces.", "option_c": "The ability to reach opportunities and services.", "correct_option": "C", "explanation": "Accessibility is about reaching places, services, people, and opportunities.", "order": 2}}, {"model": "econ.quizquestion", "pk": 9, "fields": {"topic": 3, "question": "Which effect is connected to transit-oriented growth?", "option_a": "Development near transport hubs.", "option_b": "Less connection between land use and transport.", "option_c": "No change in mobility patterns.", "correct_option": "A", "explanation": "Rail can encourage development around stations and corridors.", "order": 3}}, {"model": "econ.quizquestion", "pk": 10, "fields": {"topic": 4, "question": "What is the gallery snapshot meant to collect?", "option_a": "Only unrelated advertisements.", "option_b": "Images and videos related to rail systems and mobility.", "option_c": "Only login records.", "correct_option": "B", "explanation": "The gallery groups visual examples of rail transport and urban mobility.", "order": 1}}, {"model": "econ.quizquestion", "pk": 11, "fields": {"topic": 4, "question": "Why are maps useful in the gallery?", "option_a": "They hide the transport network.", "option_b": "They replace every written source.", "option_c": "They show routes, corridors, and network connections.", "correct_option": "C", "explanation": "Maps help users understand spatial relationships in rail systems.", "order": 2}}, {"model": "econ.quizquestion", "pk": 12, "fields": {"topic": 4, "question": "Which media type can appear in the gallery data?", "option_a": "Image or video.", "option_b": "Password only.", "option_c": "Cart contents only.", "correct_option": "A", "explanation": "The media gallery model supports images and videos.", "order": 3}}, {"model": "econ.quizquestion", "pk": 13, "fields": {"topic": 5, "question": "Why is rail history useful for this site?", "option_a": "It proves rail has no role in development.", "option_b": "It explains how rail became important to cities and regions.", "option_c": "It only lists unrelated inventions.", "correct_option": "B", "explanation": "Historical context helps explain rail's role in modern mobility.", "order": 1}}, {"model": "econ.quizquestion", "pk": 14, "fields": {"topic": 5, "question": "Which topic is naturally linked to rail history?", "option_a": "Password validation.", "option_b": "User logout buttons.", "option_c": "Rail Transport Basics.", "correct_option": "C", "explanation": "History is closely related to understanding basic rail transport concepts.", "order": 2}}, {"model": "econ.quizquestion", "pk": 15, "fields": {"topic": 5, "question": "What does a historical resource add to study?", "option_a": "Background context for current transport systems.", "option_b": "A way to avoid sources.", "option_c": "A replacement for all data.", "correct_option": "A", "explanation": "It gives background for interpreting today's systems.", "order": 3}}, {"model": "econ.quizquestion", "pk": 16, "fields": {"topic": 6, "question": "What does the World Bank mobility resource connect to?", "option_a": "Only entertainment videos.", "option_b": "Urban mobility, accessibility, and livable cities.", "option_c": "Only user registration.", "correct_option": "B", "explanation": "The resource supports the site's mobility and city-development theme.", "order": 1}}, {"model": "econ.quizquestion", "pk": 17, "fields": {"topic": 6, "question": "Which topic is most closely related to this resource?", "option_a": "Unrelated account settings.", "option_b": "Only decorative images.", "option_c": "Accessibility, Mobility & The Economy.", "correct_option": "C", "explanation": "The resource links mobility investment with livability and accessibility.", "order": 2}}, {"model": "econ.quizquestion", "pk": 18, "fields": {"topic": 6, "question": "Why would a user save this resource?", "option_a": "To revisit evidence about urban mobility investment.", "option_b": "To delete all topic links.", "option_c": "To replace the whole dashboard.", "correct_option": "A", "explanation": "It is useful as a supporting source for the economics and mobility discussion.", "order": 3}}, {"model": "econ.itemquizquestion", "pk": 15, "fields": {"item_type": "blog", "item_id": 1, "question": "What is one economic benefit of rail transport described in the blog?", "option_a": "It only benefits private car owners.", "option_b": "It connects people, goods, and businesses more efficiently.", "option_c": "It removes the need for all public transport.", "correct_option": "B", "explanation": "", "round_number": 1, "order": 1}}, {"model": "econ.itemquizquestion", "pk": 16, "fields": {"item_type": "blog", "item_id": 1, "question": "Why are railways described as eco-friendlier than road transport?", "option_a": "They require every commuter to drive.", "option_b": "They only work for tourism.", "option_c": "They can carry more people or goods with less pollution.", "correct_option": "C", "explanation": "", "round_number": 1, "order": 2}}, {"model": "econ.itemquizquestion", "pk": 17, "fields": {"item_type": "blog", "item_id": 1, "question": "How can rail support tourism?", "option_a": "It helps tourists reach destinations, museums, and attractions.", "option_b": "It closes urban centers to visitors.", "option_c": "It prevents service-sector employment.", "correct_option": "A", "explanation": "", "round_number": 1, "order": 3}}, {"model": "econ.itemquizquestion", "pk": 18, "fields": {"item_type": "blog", "item_id": 1, "question": "What international example is mentioned for efficient rail travel?", "option_a": "A private parking network.", "option_b": "Japan's bullet train system.", "option_c": "An airport-only shuttle.", "correct_option": "B", "explanation": "", "round_number": 2, "order": 1}}, {"model": "econ.itemquizquestion", "pk": 19, "fields": {"item_type": "blog", "item_id": 1, "question": "How can rail affect land and commercial development?", "option_a": "Rail removes access to business districts.", "option_b": "Rail only affects rural farms.", "option_c": "Good rail systems can support thriving downtowns and higher land values.", "correct_option": "C", "explanation": "", "round_number": 2, "order": 2}}, {"model": "econ.itemquizquestion", "pk": 20, "fields": {"item_type": "blog", "item_id": 1, "question": "What Philippine need does the blog connect to rail investment?", "option_a": "Reducing congestion and linking cities, ports, and industrial areas.", "option_b": "Replacing all regional trade.", "option_c": "Ending commuter access to jobs.", "correct_option": "A", "explanation": "", "round_number": 2, "order": 3}}, {"model": "econ.itemquizquestion", "pk": 21, "fields": {"item_type": "blog", "item_id": 1, "question": "Why is rail connected to sustainable urban growth?", "option_a": "It makes cities depend more on cars.", "option_b": "It supports reliable transport and transit-oriented cities.", "option_c": "It stops people from accessing services.", "correct_option": "B", "explanation": "", "round_number": 3, "order": 1}}, {"model": "econ.itemquizquestion", "pk": 22, "fields": {"item_type": "blog", "item_id": 1, "question": "What does rail connect besides passengers?", "option_a": "Only parking spaces.", "option_b": "Only unrelated entertainment sites.", "option_c": "Goods, industries, businesses, and neighboring regions.", "correct_option": "C", "explanation": "", "round_number": 3, "order": 2}}, {"model": "econ.itemquizquestion", "pk": 23, "fields": {"item_type": "blog", "item_id": 1, "question": "What broad role does the blog give rail infrastructure?", "option_a": "A driver of sustainable urban and regional development.", "option_b": "A barrier to economic activity.", "option_c": "A system unrelated to city growth.", "correct_option": "A", "explanation": "", "round_number": 3, "order": 3}}, {"model": "econ.itemquizquestion", "pk": 24, "fields": {"item_type": "blog", "item_id": 2, "question": "Which project is highlighted as a major Philippine rail initiative?", "option_a": "A private-only parking tower.", "option_b": "Metro Manila Subway.", "option_c": "A shipping-only route.", "correct_option": "B", "explanation": "", "round_number": 1, "order": 1}}, {"model": "econ.itemquizquestion", "pk": 25, "fields": {"item_type": "blog", "item_id": 2, "question": "What is one likely benefit of Philippine rail projects?", "option_a": "Fewer public transport options.", "option_b": "Less access between cities.", "option_c": "Improved connectivity and less congestion over time.", "correct_option": "C", "explanation": "", "round_number": 1, "order": 2}}, {"model": "econ.itemquizquestion", "pk": 26, "fields": {"item_type": "blog", "item_id": 2, "question": "Which railway is represented by NSCR?", "option_a": "North-South Commuter Railway.", "option_b": "National Shipping Cargo Route.", "option_c": "New Subway Circular Road.", "correct_option": "A", "explanation": "", "round_number": 1, "order": 3}}, {"model": "econ.itemquizquestion", "pk": 27, "fields": {"item_type": "blog", "item_id": 2, "question": "What kind of impact does the blog connect to rail construction and operation?", "option_a": "No employment effects.", "option_b": "Jobs and investment around stations and corridors.", "option_c": "Less access to business centers.", "correct_option": "B", "explanation": "", "round_number": 2, "order": 1}}, {"model": "econ.itemquizquestion", "pk": 28, "fields": {"item_type": "blog", "item_id": 2, "question": "Which project is linked to regional development in Mindanao?", "option_a": "LRT-2 Recto Station only.", "option_b": "A foreign bullet train museum.", "option_c": "Mindanao Railway Project.", "correct_option": "C", "explanation": "", "round_number": 2, "order": 2}}, {"model": "econ.itemquizquestion", "pk": 29, "fields": {"item_type": "blog", "item_id": 2, "question": "What environmental benefit is mentioned for shifting commuters to rail?", "option_a": "Reduced traffic congestion and carbon emissions over time.", "option_b": "Higher road fuel use.", "option_c": "More private vehicle dependency.", "correct_option": "A", "explanation": "", "round_number": 2, "order": 3}}, {"model": "econ.itemquizquestion", "pk": 30, "fields": {"item_type": "blog", "item_id": 2, "question": "What does the blog say rail networks will link more efficiently?", "option_a": "Only private garages.", "option_b": "Urban and regional centers.", "option_c": "Only airport lounges.", "correct_option": "B", "explanation": "", "round_number": 3, "order": 1}}, {"model": "econ.itemquizquestion", "pk": 31, "fields": {"item_type": "blog", "item_id": 2, "question": "Why are Philippine rail projects economically relevant?", "option_a": "They make trade and commuting impossible.", "option_b": "They remove station-area activity.", "option_c": "They can support jobs, mobility, and investments.", "correct_option": "C", "explanation": "", "round_number": 3, "order": 2}}, {"model": "econ.itemquizquestion", "pk": 32, "fields": {"item_type": "blog", "item_id": 2, "question": "What transport problem are these projects meant to address?", "option_a": "Traffic congestion and limited mass transport capacity.", "option_b": "Too many empty roads.", "option_c": "Too much access to public services.", "correct_option": "A", "explanation": "", "round_number": 3, "order": 3}}, {"model": "econ.itemquizquestion", "pk": 33, "fields": {"item_type": "journal", "item_id": 1, "question": "What role do railway stations play in cities?", "option_a": "They only store private vehicles.", "option_b": "They move people and gather services in the public realm.", "option_c": "They remove public interaction.", "correct_option": "B", "explanation": "", "round_number": 1, "order": 1}}, {"model": "econ.itemquizquestion", "pk": 34, "fields": {"item_type": "journal", "item_id": 1, "question": "What does the journal title emphasize about stations?", "option_a": "Their role as private garages.", "option_b": "Their lack of urban effect.", "option_c": "Their ability to transform urban mobility and public spaces.", "correct_option": "C", "explanation": "", "round_number": 1, "order": 2}}, {"model": "econ.itemquizquestion", "pk": 35, "fields": {"item_type": "journal", "item_id": 1, "question": "Which perspective does the study focus on?", "option_a": "Stakeholders' perspective.", "option_b": "Only tourist opinions.", "option_c": "Only ticket machine design.", "correct_option": "A", "explanation": "", "round_number": 1, "order": 3}}, {"model": "econ.itemquizquestion", "pk": 36, "fields": {"item_type": "journal", "item_id": 1, "question": "What do railway stations gather besides movement?", "option_a": "Only road tolls.", "option_b": "Multiple functions and services for users.", "option_c": "Only parking tickets.", "correct_option": "B", "explanation": "", "round_number": 2, "order": 1}}, {"model": "econ.itemquizquestion", "pk": 37, "fields": {"item_type": "journal", "item_id": 1, "question": "Why are stations important in urban mobility?", "option_a": "They prevent transfers.", "option_b": "They remove access to destinations.", "option_c": "They are major nodes where people and services connect.", "correct_option": "C", "explanation": "", "round_number": 2, "order": 2}}, {"model": "econ.itemquizquestion", "pk": 38, "fields": {"item_type": "journal", "item_id": 1, "question": "What type of infrastructure are railway stations described as?", "option_a": "Massive infrastructures.", "option_b": "Small unrelated shops.", "option_c": "Private home facilities.", "correct_option": "A", "explanation": "", "round_number": 2, "order": 3}}, {"model": "econ.itemquizquestion", "pk": 39, "fields": {"item_type": "journal", "item_id": 1, "question": "What can station planning influence?", "option_a": "Only airplane routes.", "option_b": "The public realm around transport nodes.", "option_c": "Only private driveways.", "correct_option": "B", "explanation": "", "round_number": 3, "order": 1}}, {"model": "econ.itemquizquestion", "pk": 40, "fields": {"item_type": "journal", "item_id": 1, "question": "What daily activity is connected to stations?", "option_a": "Deleting transport services.", "option_b": "Avoiding city networks.", "option_c": "Moving people, products, materials, and energy.", "correct_option": "C", "explanation": "", "round_number": 3, "order": 2}}, {"model": "econ.itemquizquestion", "pk": 41, "fields": {"item_type": "journal", "item_id": 1, "question": "What makes this journal relevant to the website?", "option_a": "It links rail stations with urban mobility.", "option_b": "It focuses only on unrelated sports.", "option_c": "It rejects public transport planning.", "correct_option": "A", "explanation": "", "round_number": 3, "order": 3}}, {"model": "econ.itemquizquestion", "pk": 42, "fields": {"item_type": "journal", "item_id": 2, "question": "What does this journal focus on?", "option_a": "Only airline seating.", "option_b": "Accessibility benefits of rail transit in congested areas.", "option_c": "Removing transport data.", "correct_option": "B", "explanation": "", "round_number": 1, "order": 1}}, {"model": "econ.itemquizquestion", "pk": 43, "fields": {"item_type": "journal", "item_id": 2, "question": "What urban problem appears in the title?", "option_a": "Ocean tides.", "option_b": "School uniforms.", "option_c": "Congestion.", "correct_option": "C", "explanation": "", "round_number": 1, "order": 2}}, {"model": "econ.itemquizquestion", "pk": 44, "fields": {"item_type": "journal", "item_id": 2, "question": "What method is suggested by the title?", "option_a": "A cross-regional analysis.", "option_b": "A single personal diary only.", "option_c": "A cooking survey.", "correct_option": "A", "explanation": "", "round_number": 1, "order": 3}}, {"model": "econ.itemquizquestion", "pk": 45, "fields": {"item_type": "journal", "item_id": 2, "question": "What is debated according to the snippet?", "option_a": "Whether roads exist.", "option_b": "Rail transit's efficacy in reducing road congestion.", "option_c": "Whether cities need people.", "correct_option": "B", "explanation": "", "round_number": 2, "order": 1}}, {"model": "econ.itemquizquestion", "pk": 46, "fields": {"item_type": "journal", "item_id": 2, "question": "What can congestion data help measure?", "option_a": "Favorite train colors.", "option_b": "Station decorations only.", "option_c": "Accessibility benefits.", "correct_option": "C", "explanation": "", "round_number": 2, "order": 2}}, {"model": "econ.itemquizquestion", "pk": 47, "fields": {"item_type": "journal", "item_id": 2, "question": "What transport mode is central to the journal?", "option_a": "Urban rail transit.", "option_b": "Private boats only.", "option_c": "Cargo planes only.", "correct_option": "A", "explanation": "", "round_number": 2, "order": 3}}, {"model": "econ.itemquizquestion", "pk": 48, "fields": {"item_type": "journal", "item_id": 2, "question": "Why is this journal linked to mobility and economy?", "option_a": "It studies unrelated entertainment.", "option_b": "It studies accessibility in congested urban areas.", "option_c": "It removes urban planning from transport.", "correct_option": "B", "explanation": "", "round_number": 3, "order": 1}}, {"model": "econ.itemquizquestion", "pk": 49, "fields": {"item_type": "journal", "item_id": 2, "question": "What does accessibility improvement help users do?", "option_a": "Avoid all destinations.", "option_b": "Lose transport options.", "option_c": "Reach places more effectively.", "correct_option": "C", "explanation": "", "round_number": 3, "order": 2}}, {"model": "econ.itemquizquestion", "pk": 50, "fields": {"item_type": "journal", "item_id": 2, "question": "Which keyword best fits the journal?", "option_a": "Road congestion.", "option_b": "Password reset.", "option_c": "Image cropping.", "correct_option": "A", "explanation": "", "round_number": 3, "order": 3}}, {"model": "econ.itemquizquestion", "pk": 51, "fields": {"item_type": "journal", "item_id": 3, "question": "Which concept is central to this journal?", "option_a": "Private parking design only.", "option_b": "Social equity and spatial accessibility.", "option_c": "Unrelated entertainment media.", "correct_option": "B", "explanation": "", "round_number": 1, "order": 1}}, {"model": "econ.itemquizquestion", "pk": 52, "fields": {"item_type": "journal", "item_id": 3, "question": "Which public transport system is investigated?", "option_a": "A Philippine airport lounge.", "option_b": "A private highway billboard.", "option_c": "Tramlink in London.", "correct_option": "C", "explanation": "", "round_number": 1, "order": 2}}, {"model": "econ.itemquizquestion", "pk": 53, "fields": {"item_type": "journal", "item_id": 3, "question": "What planning dimension does the snippet say is often underexamined?", "option_a": "Social aspects.", "option_b": "Font selection.", "option_c": "Snack choices.", "correct_option": "A", "explanation": "", "round_number": 1, "order": 3}}, {"model": "econ.itemquizquestion", "pk": 54, "fields": {"item_type": "journal", "item_id": 3, "question": "What kind of infrastructure does the title discuss?", "option_a": "Only private houses.", "option_b": "Urban public transport infrastructure.", "option_c": "Only online stores.", "correct_option": "B", "explanation": "", "round_number": 2, "order": 1}}, {"model": "econ.itemquizquestion", "pk": 55, "fields": {"item_type": "journal", "item_id": 3, "question": "What does spatial accessibility relate to?", "option_a": "How passwords are encrypted.", "option_b": "How images are resized.", "option_c": "How people can reach places in the urban environment.", "correct_option": "C", "explanation": "", "round_number": 2, "order": 2}}, {"model": "econ.itemquizquestion", "pk": 56, "fields": {"item_type": "journal", "item_id": 3, "question": "Why is this journal related to rail mobility?", "option_a": "It investigates light rail's relationship to access and equity.", "option_b": "It rejects public transport.", "option_c": "It studies only private garages.", "correct_option": "A", "explanation": "", "round_number": 2, "order": 3}}, {"model": "econ.itemquizquestion", "pk": 57, "fields": {"item_type": "journal", "item_id": 3, "question": "Which city is used in the investigation?", "option_a": "Tokyo only.", "option_b": "London.", "option_c": "Davao only.", "correct_option": "B", "explanation": "", "round_number": 3, "order": 1}}, {"model": "econ.itemquizquestion", "pk": 58, "fields": {"item_type": "journal", "item_id": 3, "question": "What website topic does this journal support?", "option_a": "Upload dump controls.", "option_b": "Login styling only.", "option_c": "Accessibility, Mobility & The Economy.", "correct_option": "C", "explanation": "", "round_number": 3, "order": 2}}, {"model": "econ.itemquizquestion", "pk": 59, "fields": {"item_type": "journal", "item_id": 3, "question": "What does social equity in transport concern?", "option_a": "Fair access across different groups and places.", "option_b": "Only train paint color.", "option_c": "Only fare card shape.", "correct_option": "A", "explanation": "", "round_number": 3, "order": 3}}, {"model": "econ.itemquizquestion", "pk": 60, "fields": {"item_type": "journal", "item_id": 4, "question": "What does urban accessibility support?", "option_a": "Isolation from services.", "option_b": "Access to people, goods, ideas, and services.", "option_c": "Less connection between places.", "correct_option": "B", "explanation": "", "round_number": 1, "order": 1}}, {"model": "econ.itemquizquestion", "pk": 61, "fields": {"item_type": "journal", "item_id": 4, "question": "What does the title suggest moving beyond?", "option_a": "All city planning.", "option_b": "All public services.", "option_c": "Transport and mobility alone.", "correct_option": "C", "explanation": "", "round_number": 1, "order": 2}}, {"model": "econ.itemquizquestion", "pk": 62, "fields": {"item_type": "journal", "item_id": 4, "question": "Which field is central to the article?", "option_a": "Urban accessibility governance.", "option_b": "Private password storage.", "option_c": "Food packaging.", "correct_option": "A", "explanation": "", "round_number": 1, "order": 3}}, {"model": "econ.itemquizquestion", "pk": 63, "fields": {"item_type": "journal", "item_id": 4, "question": "What economic concept is mentioned in the snippet?", "option_a": "Only household chores.", "option_b": "Economies of scale and agglomeration effects.", "option_c": "Only image resolution.", "correct_option": "B", "explanation": "", "round_number": 2, "order": 1}}, {"model": "econ.itemquizquestion", "pk": 64, "fields": {"item_type": "journal", "item_id": 4, "question": "Why is accessibility important to cities?", "option_a": "It prevents networking advantages.", "option_b": "It blocks services.", "option_c": "It underpins economic development.", "correct_option": "C", "explanation": "", "round_number": 2, "order": 2}}, {"model": "econ.itemquizquestion", "pk": 65, "fields": {"item_type": "journal", "item_id": 4, "question": "What does governance add to mobility discussions?", "option_a": "Attention to how access is planned and managed.", "option_b": "A way to ignore land use.", "option_c": "A way to remove services.", "correct_option": "A", "explanation": "", "round_number": 2, "order": 3}}, {"model": "econ.itemquizquestion", "pk": 66, "fields": {"item_type": "journal", "item_id": 4, "question": "Which website theme does this journal reinforce?", "option_a": "Vlog thumbnail sizing only.", "option_b": "Mobility, accessibility, and economic development.", "option_c": "Registration field labels.", "correct_option": "B", "explanation": "", "round_number": 3, "order": 1}}, {"model": "econ.itemquizquestion", "pk": 67, "fields": {"item_type": "journal", "item_id": 4, "question": "What does the article connect access to?", "option_a": "Only private cars.", "option_b": "Only decorative station signs.", "option_c": "People, goods, ideas, and services.", "correct_option": "C", "explanation": "", "round_number": 3, "order": 2}}, {"model": "econ.itemquizquestion", "pk": 68, "fields": {"item_type": "journal", "item_id": 4, "question": "What advantage can urban access deliver?", "option_a": "Networking advantages.", "option_b": "Less opportunity.", "option_c": "No economic interaction.", "correct_option": "A", "explanation": "", "round_number": 3, "order": 3}}, {"model": "econ.itemquizquestion", "pk": 69, "fields": {"item_type": "journal", "item_id": 5, "question": "What is this journal mainly about?", "option_a": "How to avoid public transport.", "option_b": "How railway services support urban transport needs.", "option_c": "How to remove stations.", "correct_option": "B", "explanation": "", "round_number": 1, "order": 1}}, {"model": "econ.itemquizquestion", "pk": 70, "fields": {"item_type": "journal", "item_id": 5, "question": "Which places are named in the title?", "option_a": "Only farms.", "option_b": "Only airports.", "option_c": "Cities and agglomerations.", "correct_option": "C", "explanation": "", "round_number": 1, "order": 2}}, {"model": "econ.itemquizquestion", "pk": 71, "fields": {"item_type": "journal", "item_id": 5, "question": "What development idea appears in the snippet?", "option_a": "Sustainable development.", "option_b": "No public services.", "option_c": "Station removal.", "correct_option": "A", "explanation": "", "round_number": 1, "order": 3}}, {"model": "econ.itemquizquestion", "pk": 72, "fields": {"item_type": "journal", "item_id": 5, "question": "What does the article examine railway services supporting?", "option_a": "Only private parking.", "option_b": "Sustainable development, economic growth, and urban transport demand.", "option_c": "Only web design.", "correct_option": "B", "explanation": "", "round_number": 2, "order": 1}}, {"model": "econ.itemquizquestion", "pk": 73, "fields": {"item_type": "journal", "item_id": 5, "question": "Why is it related to rail basics?", "option_a": "It describes only unrelated media.", "option_b": "It rejects train systems.", "option_c": "It explains railway's role in transport services.", "correct_option": "C", "explanation": "", "round_number": 2, "order": 2}}, {"model": "econ.itemquizquestion", "pk": 74, "fields": {"item_type": "journal", "item_id": 5, "question": "What does agglomeration refer to in this context?", "option_a": "Connected urban areas with transport demand.", "option_b": "A single isolated house.", "option_c": "A login page.", "correct_option": "A", "explanation": "", "round_number": 2, "order": 3}}, {"model": "econ.itemquizquestion", "pk": 75, "fields": {"item_type": "journal", "item_id": 5, "question": "Which transport mode is central?", "option_a": "Airplane only.", "option_b": "Railway.", "option_c": "Walking-only trails.", "correct_option": "B", "explanation": "", "round_number": 3, "order": 1}}, {"model": "econ.itemquizquestion", "pk": 76, "fields": {"item_type": "journal", "item_id": 5, "question": "What user need does railway help handle?", "option_a": "Password hints.", "option_b": "Image captions only.", "option_c": "Urban transport demand.", "correct_option": "C", "explanation": "", "round_number": 3, "order": 2}}, {"model": "econ.itemquizquestion", "pk": 77, "fields": {"item_type": "journal", "item_id": 5, "question": "What topic does this journal support on the site?", "option_a": "Rail Transport Basics and Mobility & Economy.", "option_b": "Upload dump navigation.", "option_c": "Profile dropdown only.", "correct_option": "A", "explanation": "", "round_number": 3, "order": 3}}, {"model": "econ.itemquizquestion", "pk": 78, "fields": {"item_type": "video", "item_id": 1, "question": "What idea does this video emphasize?", "option_a": "Removing rail services.", "option_b": "Reliable, automated, and equitable rail connectivity.", "option_c": "Ignoring accessibility.", "correct_option": "B", "explanation": "", "round_number": 1, "order": 1}}, {"model": "econ.itemquizquestion", "pk": 79, "fields": {"item_type": "video", "item_id": 1, "question": "What can rail improve according to the description?", "option_a": "Private parking fees.", "option_b": "Unrelated shopping.", "option_c": "Urban-suburban connectivity.", "correct_option": "C", "explanation": "", "round_number": 1, "order": 2}}, {"model": "econ.itemquizquestion", "pk": 80, "fields": {"item_type": "video", "item_id": 1, "question": "Which governance idea fits the video?", "option_a": "Making transport more frequent, reliable, and efficient.", "option_b": "Reducing service frequency.", "option_c": "Removing station access.", "correct_option": "A", "explanation": "", "round_number": 1, "order": 3}}, {"model": "econ.itemquizquestion", "pk": 81, "fields": {"item_type": "video", "item_id": 1, "question": "What technology theme appears in the description?", "option_a": "Manual road tolls only.", "option_b": "Automation.", "option_c": "No transport technology.", "correct_option": "B", "explanation": "", "round_number": 2, "order": 1}}, {"model": "econ.itemquizquestion", "pk": 82, "fields": {"item_type": "video", "item_id": 1, "question": "What access value is emphasized?", "option_a": "Exclusive private access.", "option_b": "No commuter access.", "option_c": "Equitable connectivity.", "correct_option": "C", "explanation": "", "round_number": 2, "order": 2}}, {"model": "econ.itemquizquestion", "pk": 83, "fields": {"item_type": "video", "item_id": 1, "question": "Why is this video related to mobility?", "option_a": "It discusses rail reliability and connectivity.", "option_b": "It focuses on unrelated cooking.", "option_c": "It removes transit planning.", "correct_option": "A", "explanation": "", "round_number": 2, "order": 3}}, {"model": "econ.itemquizquestion", "pk": 84, "fields": {"item_type": "video", "item_id": 1, "question": "What type of connectivity is mentioned?", "option_a": "Only international flights.", "option_b": "Urban-suburban connectivity.", "option_c": "Only private garages.", "correct_option": "B", "explanation": "", "round_number": 3, "order": 1}}, {"model": "econ.itemquizquestion", "pk": 85, "fields": {"item_type": "video", "item_id": 1, "question": "What does frequent transport improve?", "option_a": "The need to avoid stations.", "option_b": "The number of road delays.", "option_c": "The usefulness of rail for users.", "correct_option": "C", "explanation": "", "round_number": 3, "order": 2}}, {"model": "econ.itemquizquestion", "pk": 86, "fields": {"item_type": "video", "item_id": 1, "question": "Which topic is naturally linked to this video?", "option_a": "Rail Transport Basics and Mobility & Economy.", "option_b": "Upload dump only.", "option_c": "Static footer text.", "correct_option": "A", "explanation": "", "round_number": 3, "order": 3}}, {"model": "econ.itemquizquestion", "pk": 87, "fields": {"item_type": "video", "item_id": 2, "question": "What is the main theme of this video?", "option_a": "Making stations harder to use.", "option_b": "Improving rail accessibility and inclusivity.", "option_c": "Avoiding transport planning.", "correct_option": "B", "explanation": "", "round_number": 1, "order": 1}}, {"model": "econ.itemquizquestion", "pk": 88, "fields": {"item_type": "video", "item_id": 2, "question": "What does the project audit?", "option_a": "Two parking tickets.", "option_b": "Only one webpage.", "option_c": "2,572 stations.", "correct_option": "C", "explanation": "", "round_number": 1, "order": 2}}, {"model": "econ.itemquizquestion", "pk": 89, "fields": {"item_type": "video", "item_id": 2, "question": "Who can use accessibility data?", "option_a": "Decision-makers investing where needed.", "option_b": "Only unrelated advertisers.", "option_c": "No one.", "correct_option": "A", "explanation": "", "round_number": 1, "order": 3}}, {"model": "econ.itemquizquestion", "pk": 90, "fields": {"item_type": "video", "item_id": 2, "question": "What values are highlighted in the video description?", "option_a": "Private exclusion only.", "option_b": "Diversity and inclusivity in engineering.", "option_c": "No station improvements.", "correct_option": "B", "explanation": "", "round_number": 2, "order": 1}}, {"model": "econ.itemquizquestion", "pk": 91, "fields": {"item_type": "video", "item_id": 2, "question": "Why is accessibility data useful?", "option_a": "It hides station problems.", "option_b": "It removes planning evidence.", "option_c": "It helps identify where improvements are needed.", "correct_option": "C", "explanation": "", "round_number": 2, "order": 2}}, {"model": "econ.itemquizquestion", "pk": 92, "fields": {"item_type": "video", "item_id": 2, "question": "Which website topic does this support?", "option_a": "Accessibility, Mobility & The Economy.", "option_b": "Rail upload dump.", "option_c": "Guest footer.", "correct_option": "A", "explanation": "", "round_number": 2, "order": 3}}, {"model": "econ.itemquizquestion", "pk": 93, "fields": {"item_type": "video", "item_id": 2, "question": "What does inclusivity mean for rail users?", "option_a": "Only one group should ride.", "option_b": "Transport should support different passenger needs.", "option_c": "Stations should be inaccessible.", "correct_option": "B", "explanation": "", "round_number": 3, "order": 1}}, {"model": "econ.itemquizquestion", "pk": 94, "fields": {"item_type": "video", "item_id": 2, "question": "Why is this video connected to social impact?", "option_a": "It discusses only train color.", "option_b": "It ignores users.", "option_c": "It focuses on accessibility and equitable station use.", "correct_option": "C", "explanation": "", "round_number": 3, "order": 2}}, {"model": "econ.itemquizquestion", "pk": 95, "fields": {"item_type": "video", "item_id": 2, "question": "What type of transport is discussed?", "option_a": "Rail transportation.", "option_b": "Private boats only.", "option_c": "Cargo planes only.", "correct_option": "A", "explanation": "", "round_number": 3, "order": 3}}, {"model": "econ.itemquizquestion", "pk": 96, "fields": {"item_type": "video", "item_id": 3, "question": "What do the projects aim to improve?", "option_a": "Only private car storage.", "option_b": "Mobility, congestion, and economic growth.", "option_c": "Less connection across places.", "correct_option": "B", "explanation": "", "round_number": 1, "order": 1}}, {"model": "econ.itemquizquestion", "pk": 97, "fields": {"item_type": "video", "item_id": 3, "question": "Which country is central to the video?", "option_a": "France only.", "option_b": "Canada only.", "option_c": "The Philippines.", "correct_option": "C", "explanation": "", "round_number": 1, "order": 2}}, {"model": "econ.itemquizquestion", "pk": 98, "fields": {"item_type": "video", "item_id": 3, "question": "What kind of investments are mentioned?", "option_a": "Major transport investments.", "option_b": "Only fashion investments.", "option_c": "Only school supplies.", "correct_option": "A", "explanation": "", "round_number": 1, "order": 3}}, {"model": "econ.itemquizquestion", "pk": 99, "fields": {"item_type": "video", "item_id": 3, "question": "What sustainable goal is connected to the projects?", "option_a": "Higher congestion.", "option_b": "Improved transport and reduced congestion.", "option_c": "No public mobility.", "correct_option": "B", "explanation": "", "round_number": 2, "order": 1}}, {"model": "econ.itemquizquestion", "pk": 100, "fields": {"item_type": "video", "item_id": 3, "question": "Which broad transport category appears in the description?", "option_a": "Only elevators.", "option_b": "Only airports.", "option_c": "Railways, roads, and sustainable technologies.", "correct_option": "C", "explanation": "", "round_number": 2, "order": 2}}, {"model": "econ.itemquizquestion", "pk": 101, "fields": {"item_type": "video", "item_id": 3, "question": "How can projects support the economy?", "option_a": "By improving mobility and reducing congestion.", "option_b": "By making places harder to reach.", "option_c": "By removing transport options.", "correct_option": "A", "explanation": "", "round_number": 2, "order": 3}}, {"model": "econ.itemquizquestion", "pk": 102, "fields": {"item_type": "video", "item_id": 3, "question": "Why is the video linked to Philippine Rail Systems?", "option_a": "It is only about foreign museums.", "option_b": "It discusses Philippine transport projects including railways.", "option_c": "It is only about private houses.", "correct_option": "B", "explanation": "", "round_number": 3, "order": 1}}, {"model": "econ.itemquizquestion", "pk": 103, "fields": {"item_type": "video", "item_id": 3, "question": "What commuter problem do these projects address?", "option_a": "Too much empty road space.", "option_b": "Too many notes.", "option_c": "Congestion.", "correct_option": "C", "explanation": "", "round_number": 3, "order": 2}}, {"model": "econ.itemquizquestion", "pk": 104, "fields": {"item_type": "video", "item_id": 3, "question": "What does better mobility help connect?", "option_a": "People, places, and economic activity.", "option_b": "Only passwords.", "option_c": "Only isolated routes.", "correct_option": "A", "explanation": "", "round_number": 3, "order": 3}}, {"model": "econ.itemquizquestion", "pk": 105, "fields": {"item_type": "video", "item_id": 4, "question": "Which investments are mentioned in the video description?", "option_a": "Only ferry terminals.", "option_b": "MRT-7, NSCR, and Metro Manila Subway.", "option_c": "Only private roads.", "correct_option": "B", "explanation": "", "round_number": 1, "order": 1}}, {"model": "econ.itemquizquestion", "pk": 106, "fields": {"item_type": "video", "item_id": 4, "question": "What problem are these projects meant to reduce?", "option_a": "Station accessibility.", "option_b": "Public transport availability.", "option_c": "Traffic.", "correct_option": "C", "explanation": "", "round_number": 1, "order": 2}}, {"model": "econ.itemquizquestion", "pk": 107, "fields": {"item_type": "video", "item_id": 4, "question": "What economic effect is mentioned?", "option_a": "Strengthening economic activity.", "option_b": "Ending commuter movement.", "option_c": "Reducing access to jobs.", "correct_option": "A", "explanation": "", "round_number": 1, "order": 3}}, {"model": "econ.itemquizquestion", "pk": 108, "fields": {"item_type": "video", "item_id": 4, "question": "Which project abbreviation appears in the description?", "option_a": "HTML.", "option_b": "NSCR.", "option_c": "CSS.", "correct_option": "B", "explanation": "", "round_number": 2, "order": 1}}, {"model": "econ.itemquizquestion", "pk": 109, "fields": {"item_type": "video", "item_id": 4, "question": "Why are railway bridges relevant to transport?", "option_a": "They replace all trains.", "option_b": "They are unrelated to mobility.", "option_c": "They support rail infrastructure and connectivity.", "correct_option": "C", "explanation": "", "round_number": 2, "order": 2}}, {"model": "econ.itemquizquestion", "pk": 110, "fields": {"item_type": "video", "item_id": 4, "question": "Which Philippine subway project is mentioned?", "option_a": "Metro Manila Subway.", "option_b": "Paris Metro only.", "option_c": "London Tramlink.", "correct_option": "A", "explanation": "", "round_number": 2, "order": 3}}, {"model": "econ.itemquizquestion", "pk": 111, "fields": {"item_type": "video", "item_id": 4, "question": "What type of government action is highlighted?", "option_a": "Removal of transit systems.", "option_b": "Investments in major rail projects.", "option_c": "No infrastructure planning.", "correct_option": "B", "explanation": "", "round_number": 3, "order": 1}}, {"model": "econ.itemquizquestion", "pk": 112, "fields": {"item_type": "video", "item_id": 4, "question": "What does reducing traffic support?", "option_a": "Less access to services.", "option_b": "More isolation.", "option_c": "Smoother mobility and economic activity.", "correct_option": "C", "explanation": "", "round_number": 3, "order": 2}}, {"model": "econ.itemquizquestion", "pk": 113, "fields": {"item_type": "video", "item_id": 4, "question": "Which website topic does this video support?", "option_a": "Philippine Rail Systems.", "option_b": "Login page design.", "option_c": "SQL upload only.", "correct_option": "A", "explanation": "", "round_number": 3, "order": 3}}, {"model": "econ.itemquizquestion", "pk": 114, "fields": {"item_type": "video", "item_id": 5, "question": "What transport idea is highlighted?", "option_a": "No data-sharing in transport.", "option_b": "Integrated door-to-door mobility using smart systems.", "option_c": "Less commuter access.", "correct_option": "B", "explanation": "", "round_number": 1, "order": 1}}, {"model": "econ.itemquizquestion", "pk": 115, "fields": {"item_type": "video", "item_id": 5, "question": "Which company is mentioned in the description?", "option_a": "A grocery store only.", "option_b": "A private school only.", "option_c": "Hitachi.", "correct_option": "C", "explanation": "", "round_number": 1, "order": 2}}, {"model": "econ.itemquizquestion", "pk": 116, "fields": {"item_type": "video", "item_id": 5, "question": "What can smart ticketing improve?", "option_a": "Integrated mobility and commuter convenience.", "option_b": "Station confusion.", "option_c": "Transport isolation.", "correct_option": "A", "explanation": "", "round_number": 1, "order": 3}}, {"model": "econ.itemquizquestion", "pk": 117, "fields": {"item_type": "video", "item_id": 5, "question": "What is data-sharing connected to?", "option_a": "Removing mobility information.", "option_b": "Door-to-door mobility and smart transport systems.", "option_c": "Only image galleries.", "correct_option": "B", "explanation": "", "round_number": 2, "order": 1}}, {"model": "econ.itemquizquestion", "pk": 118, "fields": {"item_type": "video", "item_id": 5, "question": "How could the idea apply to Philippine railways?", "option_a": "It could end public transport.", "option_b": "It could remove station access.", "option_c": "It could reduce congestion and improve commuter life.", "correct_option": "C", "explanation": "", "round_number": 2, "order": 2}}, {"model": "econ.itemquizquestion", "pk": 119, "fields": {"item_type": "video", "item_id": 5, "question": "What theme fits this video?", "option_a": "Social innovation in transport.", "option_b": "Unrelated entertainment only.", "option_c": "Password security.", "correct_option": "A", "explanation": "", "round_number": 2, "order": 3}}, {"model": "econ.itemquizquestion", "pk": 120, "fields": {"item_type": "video", "item_id": 5, "question": "What does integrated mobility try to connect?", "option_a": "Only one isolated station.", "option_b": "Different parts of a user's trip.", "option_c": "Only private garages.", "correct_option": "B", "explanation": "", "round_number": 3, "order": 1}}, {"model": "econ.itemquizquestion", "pk": 121, "fields": {"item_type": "video", "item_id": 5, "question": "Why is the video relevant to accessibility?", "option_a": "They make transport harder to use.", "option_b": "They ignore commuter needs.", "option_c": "Smart systems can make commuting smoother and easier.", "correct_option": "C", "explanation": "", "round_number": 3, "order": 2}}, {"model": "econ.itemquizquestion", "pk": 122, "fields": {"item_type": "video", "item_id": 5, "question": "Which broader topic does this support?", "option_a": "Accessibility, Mobility & The Economy.", "option_b": "Blog image alt text only.", "option_c": "Admin dashboard only.", "correct_option": "A", "explanation": "", "round_number": 3, "order": 3}}]
